Uuid,Void/Retire,Name,Concept Drug,Concept Dosage Form,Strength,_version:1
4ee2744a-6e41-43a6-98ca-2390cb9e18b8,TRUE,,,,,
d9c230a5-89d8-4e4d-b08b-2af3b1234c80,TRUE,,,,,
28d067a3-7e40-4331-9452-bd6b0e9bf201,TRUE,,,,,
3c2be95a-9c20-4079-a242-4f4c00433b72,TRUE,,,,,
e45e83b8-10d1-430e-bf79-59e0155ca43f,TRUE,,,,,
84685f8d-ac2d-4952-b38d-1e77a2602328,TRUE,,,,,
32c5312e-e640-4b4f-9353-612abbd31117,TRUE,,,,,
59f48da6-190d-4d16-8fb3-168e94c9911e,TRUE,,,,,
3abb7336-e1a7-48c1-9ef3-e6a45bd000b6,TRUE,,,,,
4ee6f5af-68c6-4a78-a675-a9ebfce1f625,TRUE,,,,,
04fb9ae7-6517-49a1-add4-1ea819268a2a,TRUE,,,,,
4416fc3a-7025-44be-afd8-584168c161d7,TRUE,,,,,
2a215a46-cbfa-42b4-9a9f-50183e5cb40e,TRUE,,,,,
bceebd00-5b29-4197-85c5-82be30e2ee02,TRUE,,,,,
8835df5e-7a51-4da6-a513-48bed68f0534,TRUE,,,,,
7e3d5c68-d3d4-47b6-8c49-2d64fbdd197a,TRUE,,,,,
b6d72152-c4ad-42c1-80e4-68c267fa232e,TRUE,,,,,
7ccee5ed-c006-4d11-93ac-c3166bdd9f43,TRUE,,,,,
dfc15a13-381c-45d1-82ee-377b19ee1bed,TRUE,,,,,
0a595a8c-cad6-4231-8cfe-960a20c1918b,TRUE,,,,,
e7ff4462-5f1f-4bb5-8f0e-f49dea1820b1,TRUE,,,,,
b61375bb-9c58-4259-920f-d53cda2c791b,TRUE,,,,,
6c08c703-d67c-4bae-b3c1-0604989e05f0,TRUE,,,,,
871db3cb-3158-49d3-89f3-4f5af0843918,TRUE,,,,,
e448ffbd-4bc4-41fc-bb51-4ff95e0a0858,TRUE,,,,,
2f7bc8fb-93b9-4519-9efb-8a09ae060246,TRUE,,,,,
c8c8db6b-2ea1-42a0-ba88-965d350ea7a0,TRUE,,,,,
bb12e744-7c8e-4f26-b9a8-43e9164a8f00,TRUE,,,,,
fdf1ae9d-964c-4d39-80bc-495fb031926b,TRUE,,,,,
43c0d71c-e399-4b48-888d-e11c3e532822,TRUE,,,,,
e5134dca-f0cd-4974-9022-89f4c699a283,TRUE,,,,,
c086af09-21b0-4b23-a603-a5644b1081f0,TRUE,,,,,
aabd998a-a402-43a9-a59a-138f59122157,TRUE,,,,,
9d6c7aeb-4b9f-41e4-ad4b-a4504e8967a5,TRUE,,,,,
e566bebf-33e6-4fd1-b65c-45ec8e9e9f18,TRUE,,,,,
8e3c2c26-558e-4b7d-b81e-55de91ac3ebd,TRUE,,,,,
f1bf36d3-1d21-4488-8d88-4f03fcd860f9,TRUE,,,,,
7574c69b-1133-4805-bc31-64635f40c3c0,TRUE,,,,,
6ad082b1-2783-4783-9c11-5cc63cf3a1b0,TRUE,,,,,
ed86eff4-56a2-471f-beb1-f0e50c943d83,TRUE,,,,,
42270fd1-f4de-4a20-981f-f1a8d2bddf4f,TRUE,,,,,
e847482c-7746-46b9-a8d5-7ca21302c969,TRUE,,,,,
35156f22-5e0e-404c-94a6-31762ca7ded5,TRUE,,,,,
6a1295ac-c91f-48bc-84c6-ae8510d70832,TRUE,,,,,
24889f97-892a-4ac9-ac9b-fa753391f2f0,TRUE,,,,,
2e4f8ba6-95c6-4ee9-96a9-28bcbd82c031,TRUE,,,,,
5dd8e5f3-4f3a-4c7a-abf3-64617f7afcc2,TRUE,,,,,
ce6e35a2-af23-44ed-a05d-cd6d971d6a2b,TRUE,,,,,
57242c4b-14c8-4170-8548-85426da0d00c,TRUE,,,,,
7c77daa3-3e6f-4adc-a503-42eca0b6ab8e,TRUE,,,,,
1c2c48b1-c11f-47db-b4d2-8ece997b0594,TRUE,,,,,
f1b2394e-6272-4320-930f-098efd0246ca,TRUE,,,,,
293e55c4-f3be-4852-8b3b-49cf6309451c,TRUE,,,,,
daffaf79-8dd5-4bf4-94b2-2a3058c59c6e,TRUE,,,,,
013b90a8-243a-426c-88fe-985cb50e27ee,TRUE,,,,,
ee0403f3-867a-43c1-926e-4d177bd13948,TRUE,,,,,
5eef9d45-083c-4c39-8753-8202e3ea0451,TRUE,,,,,
b3572f0e-a4b7-4e8e-9fba-f7dd45a7a047,TRUE,,,,,
e188a20a-2734-41d6-827c-9316fbee9a36,TRUE,,,,,
4f742e41-1f3d-455d-95ca-2cefd4fac1f1,TRUE,,,,,
22c07320-863c-481b-bdd5-31140f134ef2,TRUE,,,,,
326545d4-8815-482e-8282-c4dcdcd300de,TRUE,,,,,
76badfd9-78b5-4fa0-b423-e149088a88da,TRUE,,,,,
6be42641-8f5c-4b29-bc8f-acec6d2dc5cf,TRUE,,,,,
71fc65dc-2e67-4b96-8213-dffc5dda5fab,TRUE,,,,,
e7ab43cb-d909-4ad0-8ce4-91c28be32e2d,TRUE,,,,,
0eb3e926-8ca0-415d-8d1d-90028d5a4e1d,TRUE,,,,,
26fd8c3e-2813-4464-9719-2bc3bd7b4633,TRUE,,,,,
2af6f0b0-3289-45bd-9e7d-83596fee0949,TRUE,,,,,
a42d3e70-fd8c-4e9f-bee3-47320383fd07,TRUE,,,,,
49f0c5c2-4738-4382-9928-69fd330d4624,TRUE,,,,,
25a8cb7f-1c6a-433a-b400-f8eb6ad6f94a,TRUE,,,,,
60979c58-b9d3-435b-9ca3-8dde54b093b1,TRUE,,,,,
2ac23d99-73e0-4d6b-9038-a477dfe11e34,TRUE,,,,,
c44758b4-535a-4896-9de7-6a5e81d9af19,TRUE,,,,,
7ed52038-6f1c-4b2b-a40a-e84e49d9453e,TRUE,,,,,
2b2cbe5d-3466-4265-9279-ada687a3ebe1,TRUE,,,,,
df6321c4-1466-419e-8034-7d9d5c25dd62,TRUE,,,,,
5f09704b-1a8b-4b56-8f6e-88d04e297211,TRUE,,,,,
acf92279-a251-4d13-817e-88c574b23dd9,TRUE,,,,,
53bfdca8-e087-41c1-bdbe-cbf6fdf93041,TRUE,,,,,
636fb54f-a9e3-4670-bb66-a8f009232b99,TRUE,,,,,
388cbd20-12fd-4a13-97df-271fa7d10808,TRUE,,,,,
c5c08323-8bb6-428f-acec-b73664e9b84b,TRUE,,,,,
ce65cbaf-3731-49e9-986c-16e3c0f77ce2,TRUE,,,,,
1b6a104b-e7ff-4a71-b50c-c27df8be8fb9,TRUE,,,,,
281fb5ae-de59-4312-80ee-4e309a20b9c9,TRUE,,,,,
5293b5cf-a08b-4c19-a585-fc75e2362fe4,TRUE,,,,,
ee0c1028-a45c-49af-8755-fb220220eca5,TRUE,,,,,
6fbd339b-f68d-4174-bb6d-2e1fef8422df,TRUE,,,,,
9b61ea4d-00c2-4602-acfb-94f299550e9d,TRUE,,,,,
c1e49f7c-827f-458d-b90e-d6fd305c7992,TRUE,,,,,
25f6864a-3608-4db9-8ce4-c19124769615,TRUE,,,,,
89b3f766-2092-4809-a173-737ef89bc1d3,TRUE,,,,,
117a40e6-8195-486c-aded-b0a27911222c,TRUE,,,,,
3e4f35f0-e301-4892-a930-9ffcb2b56ce9,TRUE,,,,,
2ddc8f6d-a119-4df2-99d9-c12293c085b9,TRUE,,,,,
70ab7eeb-33b5-4bd2-87ec-70ca10a2698a,TRUE,,,,,
b6d79620-7a5e-4845-b619-6b0f2db56a2f,TRUE,,,,,
2cfff969-8acd-4226-9c6a-eae4e80cac86,TRUE,,,,,
04a13f73-af84-42a4-8e28-6f360c0ffcbd,TRUE,,,,,
63eb8f14-0267-4fd7-a4a4-5da77c734fce,TRUE,,,,,
24cac22e-8aba-434c-9f57-bfef21853bd1,TRUE,,,,,
05fac755-e963-428f-812b-8e810659e17f,TRUE,,,,,
b60950b2-96fc-4770-8638-77bee76d10a7,TRUE,,,,,
134b2432-8a2e-462c-9637-832fdd108d53,TRUE,,,,,
bc10392a-cc3c-4981-9fb6-ee5cf7c038c7,TRUE,,,,,
9417187f-a23d-4c25-954e-ec508f53e94c,TRUE,,,,,
08c0df98-09b5-4199-97a9-1a162160a7d2,TRUE,,,,,
296e6d6d-7dc0-4683-b401-5df0f0c1d278,TRUE,,,,,
2b67c139-3e12-49e5-b556-d8d19270ffe6,TRUE,,,,,
5a7caf04-cc60-4b4e-87d1-01812bb5ad3e,TRUE,,,,,
c54d7325-a5c4-4b5a-aaa5-cea7c2b4ae40,TRUE,,,,,
6e251518-afad-4101-b766-2a8492b2624c,TRUE,,,,,
630c9834-1b2f-458c-b4c9-169f9dfe16ad,TRUE,,,,,
b541558f-891d-4ad5-a0cf-a486d69d3895,TRUE,,,,,
ff9043f8-4488-4f6f-9793-693a3c5faf35,TRUE,,,,,
1a90009c-c301-4e7c-8b84-ecf657be3612,TRUE,,,,,
c3a4acd7-d2e9-44f5-843f-5e610874da15,TRUE,,,,,
0943b471-573b-4e51-ada7-f56e709bcf04,TRUE,,,,,
134104f9-2a87-4c71-b011-696380986325,TRUE,,,,,
72c6c3a8-fc2c-4ebb-ab42-ea8f079bfa31,TRUE,,,,,
605d23e2-c415-4a41-ba8f-fcf8a5a07fcb,TRUE,,,,,
2534a8df-e08d-4778-8154-0bf7c1248719,TRUE,,,,,
05d01c1b-7f1c-45a7-808d-3267b906230f,TRUE,,,,,
a9aa9d5f-9b61-4024-8971-ab3438dc6c5e,TRUE,,,,,
a7452b22-2691-4192-b06f-77738cc28891,TRUE,,,,,
1f333142-3c15-43ab-b529-fc9c2861a81f,TRUE,,,,,
c1af3552-0850-4a75-871e-742ad67782fd,TRUE,,,,,
9b3584d4-eff4-4c4f-9ad0-c3dfc5be5eb9,TRUE,,,,,
b49b59c9-94bd-4a56-be12-cf9ebd69a6ef,TRUE,,,,,
b12d76a0-b63e-4bc5-b18f-e28dd98b9df7,TRUE,,,,,
d2e0030c-267f-4cff-97a8-84dd7196a872,TRUE,,,,,
c7fdee92-c656-48e4-bf67-0cbd41d9bc97,TRUE,,,,,
e8532259-2017-47ad-a18f-b90ec9678610,TRUE,,,,,
bab83a83-c508-4b35-83ab-2b6c6fa31744,TRUE,,,,,
444b7285-0ec5-4b82-b049-b3e943654523,TRUE,,,,,
afc0d28b-6fb7-4b17-845e-e656f819247b,TRUE,,,,,
b0d78454-bf28-4f5f-acce-30b17acc8141,TRUE,,,,,
99306d19-3f88-418f-bdd6-b700c93d0f36,TRUE,,,,,
f860f265-2015-4093-8beb-602430367f3a,TRUE,,,,,
2576f6a9-a154-4552-bf7e-61b707410376,TRUE,,,,,
487aab40-4aa5-425f-ab29-134d99662388,TRUE,,,,,
f6429d97-1500-45ea-bd77-5a0eeb2bdd1a,TRUE,,,,,
bea1b1cc-430f-449e-8ff6-5a17f9ae7a22,TRUE,,,,,
5416572c-c522-4e60-b2d7-ef662090c64f,TRUE,,,,,
e10a4b64-4e87-49e1-86b4-882e7f41cd24,TRUE,,,,,
89a99f86-6103-46c4-8008-07c690ff3218,TRUE,,,,,
060b86ec-e8a6-4457-8a00-70c4b82566a2,TRUE,,,,,
08a5632f-fc23-437e-87a7-4d640bcabc56,TRUE,,,,,
79abfb33-5d75-4242-ba39-8c84b7191d50,TRUE,,,,,
2843066c-8c55-49e0-a5b2-52647a0622bf,TRUE,,,,,
9e99ebb0-56d5-4517-88c0-f754a861954c,TRUE,,,,,
3f33094d-52f3-467f-a40e-0a9717c21445,TRUE,,,,,
a0057d24-fb2b-4eda-9fc0-fe533ce94322,TRUE,,,,,
eecbbacd-bb25-4457-9c8e-c3868ff6d98c,TRUE,,,,,
66013ad0-e9db-493a-b027-89a1de45d660,TRUE,,,,,
d372aee7-29e5-4d86-a634-34d8db0f0ad5,TRUE,,,,,
dc02fb45-64e4-476b-9855-4504d5293538,TRUE,,,,,
28e8584d-64fa-4d00-9cdb-31a8f9802d25,TRUE,,,,,
4fe3b094-bbcf-460d-8c21-616bfa58ef48,TRUE,,,,,
4abd3b3d-198d-4e95-8b8a-43747de1691d,TRUE,,,,,
f9ba2b14-b223-46b2-a761-7e7301c65728,TRUE,,,,,
b7e9ab3e-c624-42b7-9161-e659facf9cbc,TRUE,,,,,
3fdfd794-0c73-4795-b850-58f6033c333b,TRUE,,,,,
66e666d6-7142-4af5-b1fd-57704b78c609,TRUE,,,,,
826285af-de4b-4369-838c-7721f207e89e,TRUE,,,,,
63fd6326-8b2d-4661-ac32-719898332556,TRUE,,,,,
784da3a1-86b1-4be0-8e05-7907b08f785b,TRUE,,,,,
5b597cca-ac96-401a-a471-3fcfe6034a4e,TRUE,,,,,
aa226112-064c-4655-b1d6-ce02f4acb9e8,TRUE,,,,,
abe05733-8274-4663-938c-294375d51a8a,TRUE,,,,,
a036414e-7df6-4fb8-99f7-f76366ccbd5d,TRUE,,,,,
606f5355-6662-43ed-b428-4745ddbe5959,TRUE,,,,,
81273dae-0330-416f-a3d5-ed212d208e15,TRUE,,,,,
161bf86b-9cc8-4d76-9dc9-3d097652895d,TRUE,,,,,
d216a447-508f-4c69-848a-dd05b6aff483,TRUE,,,,,
edbd9dc8-1880-45db-9128-d3f08becd36d,TRUE,,,,,
400a3298-5728-4ab8-acdf-46845440643c,TRUE,,,,,
69513802-6265-446f-86cd-438b5c7fad04,TRUE,,,,,
d5a07616-62ff-4eb6-81fa-62446aa734dd,TRUE,,,,,
ded3abe1-0cf6-4c39-8beb-0b464eae89b9,TRUE,,,,,
9918cac6-1d05-4420-bdb4-92e25413bd80,TRUE,,,,,
020c1d70-b578-4da1-a640-cced0ad7d7a2,TRUE,,,,,
143f3595-bd3e-4d04-888a-ecd8d945ea6d,TRUE,,,,,
49d5bb82-27c1-4aef-a55b-79f373ed975b,TRUE,,,,,
50788d16-a65e-497f-bf4a-1370b85174db,TRUE,,,,,
09f0b1c3-2c44-4a60-8027-3ebfbb377e47,TRUE,,,,,
8cf85756-18b4-4516-a7c4-aa9d8646dc20,TRUE,,,,,
c95c2ac2-3abd-4d34-b8e9-3ff56bed8c0e,TRUE,,,,,
1d3c0d4d-6ce9-459b-a484-044d5403203d,TRUE,,,,,
5c7b5bbf-5253-43f8-b07e-a8e67a6fb6f7,TRUE,,,,,
6ae55958-f43d-489c-80e5-2531424ea4e0,TRUE,,,,,
41d0803e-7cc5-4dbe-bd9d-7d0623557e20,TRUE,,,,,
5cc9aab9-51ad-4937-9de1-f208f38d8c39,TRUE,,,,,
9b200fd6-a3bb-4c3f-9155-f68a216c6983,TRUE,,,,,
cdc2930d-d822-410a-8d7d-533e8081bd10,TRUE,,,,,
b9e24012-51ce-4251-9b11-1127172cd27e,TRUE,,,,,
9fc7d906-74b0-4c3b-b4da-050c6aaeb207,TRUE,,,,,
d6baa542-9b17-48a5-b8c5-47910be574a5,TRUE,,,,,
62ae129e-89e3-4294-8961-36ff5f70ecc7,TRUE,,,,,
98cac2c0-dc24-4a39-a83f-52f4e83c4fe9,TRUE,,,,,
102ed6e5-f7ef-465a-867a-491ea11d2577,TRUE,,,,,
0c35f7d0-5ad8-4197-b5a7-ca347ce77ad3,TRUE,,,,,
babd32aa-b288-4567-8d30-c770cde531cb,TRUE,,,,,
6189a63f-9869-431c-af3d-04f3bca1e0e5,TRUE,,,,,
3f5857ba-5436-4598-8849-b4b4f926dc4c,TRUE,,,,,
03966798-5c40-4a6e-ac89-178371653df7,TRUE,,,,,
d215dcbf-b779-4247-adc7-2a74457a7e8f,TRUE,,,,,
07aa181e-ed75-40e3-9574-31fe47cfc34b,TRUE,,,,,
52ec9ef8-09b5-4b0e-8934-e1a14329224f,TRUE,,,,,
a4a9fd90-e36e-4bef-907a-4e338a5d4e02,TRUE,,,,,
e19aa3ab-a7b5-4886-8dd3-e5121acd8a15,TRUE,,,,,
1a3387be-dd84-4ea0-80e5-f779e26dc97a,TRUE,,,,,
e74218fc-87f7-4221-919a-8827fbaef2bf,TRUE,,,,,
dbfa0fb1-bbd6-4a68-8069-70d733942c28,TRUE,,,,,
25a8400e-1982-4833-bf9c-73699bdcde9d,TRUE,,,,,
e520369f-7efc-4514-b39f-ef02c66d4ade,TRUE,,,,,
e94538f2-dca5-47c5-8b44-29e64759a29c,TRUE,,,,,
64761efc-dcff-485f-b924-fbb4ec140df2,TRUE,,,,,
c9ae6014-99f5-4942-b789-a5771d5451d2,TRUE,,,,,
ac2ae8b0-27ef-4989-bfd4-cf0b60686758,TRUE,,,,,
1fcb7001-65e9-48a8-aeeb-7712336077ee,TRUE,,,,,
41daff92-3590-4422-a8b6-15902d7fd5c6,TRUE,,,,,
41825f3d-e3b4-4f7f-9e01-3ac6f1c2cfc9,TRUE,,,,,
25e1d752-7c4b-4629-8329-9921803913cd,TRUE,,,,,
07b787ea-fbea-41a3-ad0c-bc81ee3428de,TRUE,,,,,
952916ed-55f9-498a-8880-3b69855598ef,TRUE,,,,,
3add5d98-4663-4938-928e-f68e6b71f6eb,TRUE,,,,,
3386d038-35dd-40d6-8df3-724c7d3ab215,TRUE,,,,,
682ebcf5-177e-46c3-b7ea-b514ce5d5710,TRUE,,,,,
df0eaf2e-1a0c-4557-a6be-0aa44f1055ae,TRUE,,,,,
09ae2261-362f-43ce-afb7-9aa45c78185c,TRUE,,,,,
aa646486-21f8-4ebc-99ef-f5cf9ad30d8e,TRUE,,,,,
99a3dc2a-bc88-4386-8e29-e0123d48cc76,TRUE,,,,,
b6c526ab-ed0c-4b0c-93e2-d89f1dc896dd,TRUE,,,,,
25f08fc1-3d2a-482e-b0bc-a37652c47ee5,TRUE,,,,,
542ddce8-57a0-48b2-8512-8afde1c155b9,TRUE,,,,,
d967e8d2-3780-46f6-a46a-538fba6de051,TRUE,,,,,
001b7fe9-6ed1-4d5b-9a1f-f66678a1edc4,TRUE,,,,,
2cabac2d-3d48-4713-a8e8-cc683c2f4f9a,TRUE,,,,,
cf7b1b3e-f2e8-45f0-9cf2-3a3de86cd333,TRUE,,,,,
6b12d20f-3b02-4209-b868-748e61240063,TRUE,,,,,
58fee33f-fa60-40e2-a5a8-72c4a70e6589,TRUE,,,,,
0ed2d479-55fc-485e-a5a3-466d07172f60,TRUE,,,,,
9fd11343-cd89-4b97-ac91-4745ff6d7ed6,TRUE,,,,,
ea72492a-18a1-421d-9bd1-c242c7b58b04,TRUE,,,,,
40369a94-c0b4-4845-ba91-14d3185a8368,TRUE,,,,,
df7f9793-0cde-4c99-8039-cff0e2150e9c,TRUE,,,,,
61df30bb-f3bb-4ed0-bb06-990c3835235f,TRUE,,,,,
6f0242cf-1cf2-4c0d-a522-e8628f0cd988,TRUE,,,,,
459e44b0-a622-42ed-a1e5-4e6a86c14caa,TRUE,,,,,
d872e96c-24f5-42f0-8218-7eedf972b8ef,TRUE,,,,,
9c215c96-612d-4392-936c-829c2f9ec3ca,TRUE,,,,,
40cb38e1-0e37-4a01-9ebb-4fb65aa5e64e,TRUE,,,,,
f325d004-7311-4423-8022-524b4cf563be,TRUE,,,,,
5c56f0bf-0ac7-4bdd-abd6-dd3ee366b40d,TRUE,,,,,
2d366f8b-b89b-47b9-9392-3a302426568a,TRUE,,,,,
117000ac-0cd7-46d9-9186-53a1dc097e9d,TRUE,,,,,
36b64c0a-e63a-4928-9f4a-cbed676555ad,TRUE,,,,,
19e70445-1a5b-4115-83b9-a0be6219f62c,TRUE,,,,,
158c0267-1410-4e5d-9e83-834915eeedb3,TRUE,,,,,
493376c9-197d-4356-9407-69df7ca8bcc5,TRUE,,,,,
cbcfcd08-f820-4493-bf60-7245cff7f5e0,TRUE,,,,,
b3339714-2a6c-4a6d-8157-17c7c17caa3a,TRUE,,,,,
b90aefdb-0f7b-422e-ae5f-2cf20b4dd9f2,TRUE,,,,,
671ddb89-a30c-46e8-9f0c-5663714267d4,TRUE,,,,,
8563f7f6-c166-41df-b734-5024668e4c34,TRUE,,,,,
931c6217-3a9d-4a15-8ee9-f3a5f31b6177,TRUE,,,,,
f38745fd-36b3-46e6-8c74-ddc661eff4d4,TRUE,,,,,
a41fb68b-e6b9-4486-b59b-1df529c2f2e5,TRUE,,,,,
26087d7b-3658-4dd4-a7dd-b6866e6fef37,TRUE,,,,,
f5f8642f-4937-49da-9c42-db483b5a1913,TRUE,,,,,
426a12c4-bbbd-42b4-9c84-fd4b06fa5b04,TRUE,,,,,
a1530be1-377a-4e5d-be6e-07aa16e737fa,TRUE,,,,,
e9a48988-9b56-4698-9f4d-a34c87ebd53d,TRUE,,,,,
deca612f-1ac5-44e3-a981-1d74d76fa644,TRUE,,,,,
726be409-6537-4609-9986-0e87a8d99480,TRUE,,,,,
714bf114-866d-4e36-b8d2-3d8ff918f28e,TRUE,,,,,
b598cea2-495b-494d-a4c1-d235ab066ba1,TRUE,,,,,
8e981645-3e28-4b33-bdaf-1173bc497638,TRUE,,,,,
1bf01f6c-a49f-4791-8382-09fb5aa804c6,TRUE,,,,,
cbc6d51d-5372-4f14-9588-1ea120f0802e,TRUE,,,,,
0bb28f24-1267-43d0-8fb8-9023a3c44e44,TRUE,,,,,
f1b1b5e4-eca3-46b6-9baf-38cfdab96906,TRUE,,,,,
f697704d-fe8f-45d4-bde5-99e5bd397291,TRUE,,,,,
66a4ed3a-f318-4460-ab3c-8abd9bd5e45b,TRUE,,,,,
f426a9f9-00df-4efa-b37a-dc02edda9e04,TRUE,,,,,
2ca78e05-7753-4ac1-9631-c1ba42443369,TRUE,,,,,
46c4078f-b1f3-4b08-8c81-cdc7562cef79,TRUE,,,,,
12830e9e-a3e3-4d4e-9dd9-216dafbcdc59,TRUE,,,,,
091240a8-befd-4f9e-9078-00a24f2e14d7,TRUE,,,,,
7138c78b-d7bf-4b3e-84de-ec88ee7bf71b,TRUE,,,,,
461a6fc0-b765-414e-b63c-af93f01aee73,TRUE,,,,,
edd3057f-0c8b-4be5-9ca0-a9f1072dfa6e,TRUE,,,,,
620dfba4-2487-4cbd-9828-468efbc0cfcb,TRUE,,,,,
02c41e3f-dab9-4a36-a15c-dfce329f33b2,TRUE,,,,,
6e592d7b-b990-4b40-8ed9-5e58eb9fdaa2,TRUE,,,,,
d5461847-7b9b-4644-a8cd-aa5690c8784d,TRUE,,,,,
1389d95c-9d5c-49ea-99e0-d5b821053473,TRUE,,,,,
67f94a67-84f3-4ef2-9c03-aaf9ff952c7c,TRUE,,,,,
23d612ae-cf93-4e64-921d-6c4a69033e9c,TRUE,,,,,
1bea55dc-05b1-455a-b7cf-bb9750e41717,TRUE,,,,,
da2dd3b5-ad47-40f9-96ef-28e1d6cb93c8,TRUE,,,,,
3500d335-09b7-46a7-8b2c-bd24075d97f9,TRUE,,,,,
9d43683a-1c21-4987-b66b-c93a7e30e984,TRUE,,,,,
99d324ec-e644-46dd-9a4b-883e63b2b16b,TRUE,,,,,
9a42f5fc-c722-4868-87a6-a89995fde5ce,TRUE,,,,,
a2a5b68b-307d-4ca5-902b-3a02f0b879c4,TRUE,,,,,
8bdc487a-87dd-4a1d-9d9d-4d0dad32bcca,TRUE,,,,,
cbd6e223-764b-4f6e-8669-a17b310d790b,TRUE,,,,,
85244fc8-fe83-4cee-ba95-3ec6026ddd91,TRUE,,,,,
66287a36-bd49-4d40-95db-23eaa703c92f,TRUE,,,,,
8df86c38-57dd-4f42-a73e-bcd126f09878,TRUE,,,,,
875a788e-0aea-4bf5-a461-5a789d1aa89a,TRUE,,,,,
812bbc1c-7e1e-4e8e-a0ea-d9fb79f67471,TRUE,,,,,
0b21536f-c058-442b-8da0-9bd4cdbfc678,TRUE,,,,,
a16d3b60-2b11-4c14-a3bc-977a0b13f739,TRUE,,,,,
d4012286-19e4-4fde-bc5c-a8600693255d,TRUE,,,,,
61127404-ff7d-407d-8917-b0344c3480e2,TRUE,,,,,
20705748-56fa-46a1-8aa7-436755adf5f2,TRUE,,,,,
ddd8e904-1f1a-4ca2-b225-f72b3f890234,TRUE,,,,,
9ad240f9-e9f8-4c76-9b8f-a9f17dbe00c4,TRUE,,,,,
24d45bf3-e736-449d-9e8c-5dbe37992552,TRUE,,,,,
bf2c8cf4-7cf5-4f7c-a05c-a75471443e33,TRUE,,,,,
750a0804-ef09-48e6-bc47-cb1adba5c361,TRUE,,,,,
3703b411-8228-4435-afd1-8c07d17ab516,TRUE,,,,,
6497eb1f-d973-4a05-8758-721a602c11ac,TRUE,,,,,
d2e078ca-2faf-4494-9521-ef91095bdfa9,TRUE,,,,,
92de23ea-fb39-4f8f-93ad-9080f39b9662,TRUE,,,,,
fe8be1ef-72c1-4acf-aa18-70dd3a82c514,TRUE,,,,,
db08bda6-2b73-4b0e-8a7c-0226614a0cda,TRUE,,,,,
1b0d3eb4-9527-40eb-865d-73aac2e60103,TRUE,,,,,
30bed331-65f3-43c1-866e-9eb1256a1675,TRUE,,,,,
3bcf37d3-eb43-4884-aabb-4f4483cf918d,TRUE,,,,,
f7bbb234-1fd7-4834-baa7-7d09792280f7,TRUE,,,,,
363f5156-6bf4-421d-8754-3fc8cfdcc32f,TRUE,,,,,
6ac54756-e8b6-4bd8-a9bb-480204b63cdc,TRUE,,,,,
1e653650-9d1b-4f95-864c-2cea6b52b3d6,TRUE,,,,,
a3c4e7cb-dad4-4a98-afe1-b865f8179489,TRUE,,,,,
aa9b6034-5d2f-45d0-95a6-1d532959f7a9,TRUE,,,,,
b7af7a02-b428-44ed-92f8-f0e25d7809c4,TRUE,,,,,
485fc151-9541-4f7b-b298-e9f1e4efa573,TRUE,,,,,
c6a1d4e4-563a-4392-af58-e38d0e0308ee,TRUE,,,,,
5d3aa389-a44e-410d-9525-30af971b096c,TRUE,,,,,
79d66990-a71f-4ed2-b21b-c824da20c0c3,TRUE,,,,,
7bcd060d-07b5-4d17-a3bb-681f4acac1fa,TRUE,,,,,
827720e7-6e88-4278-af90-38e71bdb1f79,TRUE,,,,,
2153353d-9479-4e2e-a2e3-53d90c0bbeb3,TRUE,,,,,
3646bbcd-b481-41af-9b17-1e53db6e7aa1,TRUE,,,,,
c56c2ebc-c095-474f-ab8e-b958ab2246fa,TRUE,,,,,
62e46039-98e9-42e2-a9cb-2c938bda3810,TRUE,,,,,
d929d6bc-2cc3-474e-9618-1a88d2064791,TRUE,,,,,
762ca2cf-d4dd-418a-b4bf-d176874f1863,TRUE,,,,,
b82f01f1-0be9-4289-9f5a-7f99a5084e13,TRUE,,,,,
01027c1d-140d-40b5-ab15-9618e51ed844,TRUE,,,,,
18194792-4acf-43e1-9723-1ace07947194,TRUE,,,,,
26f90f2c-8977-4711-8a9a-fa29ee36876e,TRUE,,,,,
4fd3da24-0d76-4d20-aae6-78d6ba252ae7,TRUE,,,,,
90ab1587-3f2c-406f-9b49-b8248e0fff0a,TRUE,,,,,
04dac410-b334-469d-82a4-986bd895e948,TRUE,,,,,
b2af05cd-5c17-40fc-a776-161dc9a6f0a0,TRUE,,,,,
b7a157bd-67c3-4a1e-8ee4-6b051ff794eb,TRUE,,,,,
4ce484d0-5936-44d0-b22b-07fca65182eb,TRUE,,,,,
aed19bcb-5259-404b-8997-53acde6ba082,TRUE,,,,,
1e35d66e-4862-4621-b861-6c5dc272660f,TRUE,,,,,
1874d961-7b47-4129-b0c9-0fce22a5407c,TRUE,,,,,
7a721067-14eb-4628-80d9-29c7226b5b25,TRUE,,,,,
e9a2197f-096b-406c-8106-c004c897af48,TRUE,,,,,
ee472c1f-d709-4f2c-ac1a-dd3f524a49e2,TRUE,,,,,
5ca3d0f1-cf04-4dbe-a026-9edcadbd554b,TRUE,,,,,
88f50768-aaf9-4013-8ddb-2a726fa700b8,TRUE,,,,,
3ac3f6c0-1e28-4ec5-9496-92449ce571a0,TRUE,,,,,
af7f9fb7-367d-4f33-827e-20084e720f5e,TRUE,,,,,
53fa8ddd-b51f-4e84-a2fd-9ad7f6e5edaa,TRUE,,,,,
cf6057e7-3f93-4e47-a90f-4453bfd1bbc2,TRUE,,,,,
800c0ff1-59a6-476c-86fb-bb49b09dc260,TRUE,,,,,
7431e148-1350-49e1-bcc6-7441fa948618,TRUE,,,,,
931a86a4-b24f-487d-b0d3-ca8976538ef4,TRUE,,,,,
869370b7-e8fc-4043-af11-225842146226,TRUE,,,,,
d12f1dfe-28b9-49d2-8fe5-e48bc09f4565,TRUE,,,,,
dbd102f5-a46e-488e-b204-edf2e8c1879b,TRUE,,,,,
7407a428-6fff-4f2f-b315-993fea762a1e,TRUE,,,,,
5e5243ed-9b3c-4a2e-bdc0-a6ad4330ed72,TRUE,,,,,
107371d4-259f-4c94-a7af-7303a63ce822,TRUE,,,,,
fffdf192-c076-4e4a-ba80-e588b6c28b6f,TRUE,,,,,
8f39bbbb-c954-4ad1-b230-4cb89c32c1f6,TRUE,,,,,
dc6ffe65-c3b4-41d6-ae51-94860df1f9a0,TRUE,,,,,
965712a9-b1b2-48b1-a23a-11ebd99fda3b,TRUE,,,,,
8acafd33-354c-40c0-b8f7-6bafb341b701,TRUE,,,,,
265f53e9-3df0-4b31-9b40-ee3af410be26,TRUE,,,,,
3c245ce8-2b81-45d5-a67b-b2b2bcc6c7fb,TRUE,,,,,
296e85ee-462a-45dd-8abf-7d11f74d639f,TRUE,,,,,
43a20696-0b5b-4e2b-8bae-64ed79c1808c,TRUE,,,,,
f4506303-332b-49c8-81e4-5bd9c8b41606,TRUE,,,,,
d10c3ba4-811b-43ff-80fa-77c780c5cdde,TRUE,,,,,
33c02fa3-03c7-448c-a66a-be567e701d2c,TRUE,,,,,
b16e4b0f-76fb-4aba-bd60-f1b852c508bc,TRUE,,,,,
751efa41-a901-4446-866c-c94057d7f7fe,TRUE,,,,,
911f790b-447c-403d-8e24-c9832aa0395f,TRUE,,,,,
caea74de-a294-4ba1-aeaa-ab10fc5b5327,TRUE,,,,,
8ef64b34-08bd-4cdb-993c-6804e6498e62,TRUE,,,,,
e5235135-cf48-4175-a9b4-b94f2bf96564,TRUE,,,,,
b5471c6a-18ed-4eb6-928d-36d29fd41fb8,TRUE,,,,,
e6b57706-ac8d-443b-9494-dc39b572bee6,TRUE,,,,,
8cb7df30-1865-43c4-9dc0-2ccf71ad3508,TRUE,,,,,
34c0672e-a8c6-4e34-b0ea-59605a432731,TRUE,,,,,
21da1e90-b0fa-4283-bb74-86b53fd03bde,TRUE,,,,,
059f5ff9-2fa6-43a4-9016-c17feafef193,TRUE,,,,,
1453a7f7-43cf-4898-ac77-2ee2723222c7,TRUE,,,,,
01aaf58c-fa27-4581-9fb0-5627bdfc63ec,TRUE,,,,,
4b869056-747a-4707-bee9-b159a043c443,TRUE,,,,,
9999676c-cdc0-462a-aaea-edc93ba3fb38,TRUE,,,,,
ca68b2a6-d1bf-40fc-9682-058816103567,TRUE,,,,,
0120fdcd-4170-45cd-b3b6-8be51d2fd834,TRUE,,,,,
24185047-ac9f-48d7-a18e-7c35ff6a9007,TRUE,,,,,
b9b27505-ed2e-4316-af80-1df89bbc86da,TRUE,,,,,
db4b5943-7897-4a85-97c6-fe83f5c8cfbd,TRUE,,,,,
d308837c-443f-4ed4-9269-cf3ffe496f38,TRUE,,,,,
8fd854a0-ac70-4471-b500-19345c1610cc,TRUE,,,,,
6c1a81b2-70ff-4e6c-bb96-73ef7e38ec9f,TRUE,,,,,
81b9bbd3-fcf9-4aa1-8132-e36ca846d188,TRUE,,,,,
04dcb559-175c-4023-a17e-f235a256eab9,TRUE,,,,,
d95feb8e-b182-44dd-9e44-41f85cc67e8d,TRUE,,,,,
6806bb50-768f-45f7-baea-80c97026537e,TRUE,,,,,
e6cede58-b880-438e-901f-cf1350cd64e9,TRUE,,,,,
286928b8-3532-4139-a0a9-b450005920fa,TRUE,,,,,
c699d71e-eb7c-480f-8621-50b2e9a46db5,TRUE,,,,,
9bdea8ea-7f9c-4846-adca-c333dd72b501,TRUE,,,,,
94c37f28-e454-47d2-928b-d8e50e255bad,TRUE,,,,,
29fc20c2-8dde-4551-af29-08eb03487bfa,TRUE,,,,,
c6460596-53eb-4daf-8e28-948e967b5ca2,TRUE,,,,,
7f17d161-c7d9-471f-91b7-c36980f98651,TRUE,,,,,
e146f062-61d0-4981-8acb-cf821fa9b99b,TRUE,,,,,
089a9a21-55eb-4530-87f7-3a930b4568e6,TRUE,,,,,
026e3012-18f2-4c70-ae95-096a4ac23afd,TRUE,,,,,
f7f5db01-45e8-400c-933b-5fa4d3b91f3e,TRUE,,,,,
952f3954-5d15-4379-bc15-6bfc933ba549,TRUE,,,,,
18a3d134-cb67-45ca-90b2-fbaac024e2cd,TRUE,,,,,
d98ce812-2e6d-47a3-ac40-2417ebaa1cb3,TRUE,,,,,
4a961ef1-2400-4deb-8057-cb2a3ccdd7b3,TRUE,,,,,
69914941-3dd6-42c5-89b5-6d6d34f8bfdb,TRUE,,,,,
ee86d0b4-f2fc-468c-a73c-2a4adbfb2ba4,TRUE,,,,,
c22d44b1-8f12-4d8f-9380-827675a26486,TRUE,,,,,
1e575a00-1427-47d1-9210-d885b7e396b2,TRUE,,,,,
a314783a-8ebe-4ccd-84a7-1606dee08814,TRUE,,,,,
158713c5-a22b-4cd9-a144-948377b60f69,TRUE,,,,,
7446c72c-8d69-47a3-a3f3-c0d5393fae49,TRUE,,,,,
0b24e5eb-5630-46b9-a371-24f107f70243,TRUE,,,,,
d2dc894a-3889-4880-908a-30cde47079c7,TRUE,,,,,
1423430f-00ff-4829-9c43-3b485e12f353,TRUE,,,,,
3da787a0-5af4-4e0a-aa82-11b8b8300b15,TRUE,,,,,
3e0419d7-7fc1-40fa-9b4a-ab314dcf9bdf,TRUE,,,,,
25fbce77-077e-4f6c-adef-9960f845b2b4,TRUE,,,,,
f68876d4-4d1e-4043-972b-25cfcecfa2c4,TRUE,,,,,
9d6612d3-e6b0-4231-a57d-962e167e7d57,TRUE,,,,,
a1f1ee19-10d3-428c-8a17-d06f511b8516,TRUE,,,,,
8c13eecc-d701-4b18-955b-7954449069a0,TRUE,,,,,
dccc6eab-d7e7-4e9c-b5c5-2219f58e127c,TRUE,,,,,
c13daf7a-01fb-43f2-9e64-ce05771d3c40,TRUE,,,,,
0f67f4ed-2e98-472b-b9da-5e41c450814e,TRUE,,,,,
f75e047e-bba6-4553-babb-5ba1b8826575,TRUE,,,,,
d3011415-05d3-4671-9276-9bb3623f7f5f,TRUE,,,,,
41a2fbc2-0938-46d8-9f25-d044191b5520,TRUE,,,,,
6eefb4f5-540a-4325-8396-b079dec12c83,TRUE,,,,,
53a3f0c6-b17e-4cb2-a408-51e3ec788887,TRUE,,,,,
e46f0b48-e28c-41bd-af6b-a0d46ab6089a,TRUE,,,,,
6127379c-8ab4-49f5-9bab-8e7d52314b4b,TRUE,,,,,
2354b87d-a8fc-4b27-ab93-194c0ada63df,TRUE,,,,,
d018092a-c061-45fb-8e9e-6075ebe4b95b,TRUE,,,,,
62052b28-4840-4d73-8900-20c0525a4210,TRUE,,,,,
d9fed77d-60b8-426f-aa24-3c90b4474c45,TRUE,,,,,
53ae08a2-680c-4fa2-83b0-c081c7a86200,TRUE,,,,,
ea4ebca7-b254-44b7-b969-c13d8e534654,TRUE,,,,,
4acd6fa4-1410-4eda-a3ff-06b55737648b,TRUE,,,,,
65a341b6-956f-4d27-b495-31ab915d1cc0,TRUE,,,,,
372af386-3abf-41c7-b08a-094669f1872b,TRUE,,,,,
dbfc35c8-7d3a-4961-90d9-596485689f98,TRUE,,,,,
c41b8009-fd31-40fb-b512-3be0577a8b94,TRUE,,,,,
2d8b32f5-70d2-4e33-b3c9-8d4bb59e05fb,TRUE,,,,,
bd83a7c7-2304-4ec3-8437-0d2b785a9c55,TRUE,,,,,
e5c11058-e320-4da8-abea-34e6e088e80a,TRUE,,,,,
d1bceca4-f694-467d-ba79-0aac5f617447,TRUE,,,,,
260bed34-cc68-4e35-83b1-8b98bef0d671,TRUE,,,,,
a3fb9b2e-0c66-4492-803a-805ac170ae38,TRUE,,,,,
888d0f4b-0eee-490f-b035-f505be1d9aee,TRUE,,,,,
d359089f-9d67-4d09-be31-3dfafa7bf95b,TRUE,,,,,
df5d2195-0940-4f02-8c05-9e33f4898b6b,TRUE,,,,,
8a11d44e-3651-4010-a8ef-6cec5a1c2566,TRUE,,,,,
08ee3288-63b6-48d0-bb5a-6144366abd1b,TRUE,,,,,
3ae780b2-aa93-437c-865d-a2a384f6efdc,TRUE,,,,,
9bdf4c3f-d6b7-495f-b704-9a2100c7a8f0,TRUE,,,,,
cb5a186c-3e5d-4b83-a5a4-7903fcecee8f,TRUE,,,,,
266cf45e-5a7a-493b-85b3-36348fc2f8b9,TRUE,,,,,
683ddef9-bd77-4cd7-bfec-8cc3ad9b7159,TRUE,,,,,
b0d54537-afb4-4f7e-9e48-fabfcdfeacf8,TRUE,,,,,
72cdb4c4-94e1-4340-9429-f8e5ff1bc7c5,TRUE,,,,,
36111a83-16db-4dc0-8ae2-8b44c520a239,TRUE,,,,,
1db21d69-16e2-4e55-85dd-5f39047b3c4b,TRUE,,,,,
c7a9b755-3e73-40bf-97f2-aba9cc9acc86,TRUE,,,,,
749b57c4-b76c-43f1-88d8-8aa549286778,TRUE,,,,,
b0acf599-91e8-4197-8ff6-3d00baa7f5b9,TRUE,,,,,
1128b433-8d28-4898-851b-2a253475a639,TRUE,,,,,
e6fa12d1-e8be-45c0-a53a-83210d78e927,TRUE,,,,,
efc76a66-5600-4134-877d-154529d98a38,TRUE,,,,,
2d664247-da3f-49b3-9820-1ca8a0599f81,TRUE,,,,,
3aebd9a9-f17e-4401-9c96-dae191d8260a,TRUE,,,,,
d5bca00e-7abc-410f-b66c-5b3889b837a6,TRUE,,,,,
66f6ff5d-5ac2-42eb-90d7-f5f899b283ab,TRUE,,,,,
5faddc74-b095-4f28-98e3-d12958f8e35e,TRUE,,,,,
28d9550d-bac8-4447-91ed-015344c55e56,TRUE,,,,,
aa95d226-c742-464f-9a80-8e54135206ea,TRUE,,,,,
631b904f-2ba0-447d-8073-659811aa3e48,TRUE,,,,,
5a777255-78ac-4b51-aefd-ea97e6146cc2,TRUE,,,,,
634e7f58-8a1b-4a90-9119-59455559625d,TRUE,,,,,
098dec61-e1e8-4ccb-a147-b6cc42017515,TRUE,,,,,
033a6f5d-981f-4bc8-813a-7944d5a64329,TRUE,,,,,
9cf19316-c75c-4100-86e8-681096726c63,TRUE,,,,,
f6f1a72c-57e9-401e-9475-c388024b2136,TRUE,,,,,
81c8925b-d32f-4925-8310-6c0aac2036b1,TRUE,,,,,
d45f0e0d-adc7-4a56-9394-51283d563b6e,TRUE,,,,,
aa340eb1-6fc6-4baa-b378-1c4f58bf7e81,TRUE,,,,,
30b1751d-0883-4981-bccc-e760abc61f29,TRUE,,,,,
24a51f78-aa61-45a5-bbe5-19484df42d87,TRUE,,,,,
335f5647-02f4-41bf-a354-37cbd42d2b59,TRUE,,,,,
0eb104fd-3972-4287-980c-798abdff1adb,TRUE,,,,,
8269e367-9d61-43f3-a598-e357c22b4abd,TRUE,,,,,
dbaf3eb1-66a8-4fd0-bc9e-e15af9cfe039,TRUE,,,,,
ffdcc748-ee5c-4fcc-8230-66e9f5ca8843,TRUE,,,,,
60a893df-181a-45ab-81ec-5092398a6705,TRUE,,,,,
3737a420-82b8-4c81-90ed-015bfb92892b,TRUE,,,,,
f076e551-6d80-4e7b-8cf8-93947425e027,TRUE,,,,,
0bd1bf31-b974-421f-854d-b9d463630a2b,,Tylenol 325mg,3440c780-b5ff-4b47-82e2-e0b8fc16bc89,33b0b316-8a92-11e4-977f-0800271c1b75,325mg,
3af6ca73-f2ee-43ff-8464-fa00bf525e9b,,Advil 200mg,ff5cdb18-0258-4467-bf1f-35c7b6339767,33b0b316-8a92-11e4-977f-0800271c1b75,200mg,
143c0048-33d5-46e6-b7b9-85b12769b629,,Multi-Vitamin Adult,e770a760-5e8b-42d8-939f-c7b12ea3754f,33b0b316-8a92-11e4-977f-0800271c1b75,,
9c257346-524c-4eef-bcf3-2cf4b472b2a8,,Multi-Vitamin Children,8a52cbaf-7303-44a8-ba47-976c4104f9d7,33b0b316-8a92-11e4-977f-0800271c1b75,,
fb601ad7-ffb6-4624-8f64-93522bb8d4ac,,Multi-Vitamin Prenatal,564a7a84-148f-4814-a520-d0351dbea6dc,33b0b316-8a92-11e4-977f-0800271c1b75,,
a8dd3068-cd3b-4af3-a33d-616279b29db5,,Norvasc 5mg,93491208-5dc1-47e5-9f3c-7bf99919f13a,33b0b316-8a92-11e4-977f-0800271c1b75,5mg,
340c9cdf-97fe-497f-9d0d-d66b8552aa25,,Norvasc 10mg,93491208-5dc1-47e5-9f3c-7bf99919f13a,33b0b316-8a92-11e4-977f-0800271c1b75,10mg,
124a4a8e-f920-4898-b3d0-6d463b1c3db2,,Atenolol 50mg,1e10d8c9-36f0-4d6b-8ff6-7a453876d512,33b0b316-8a92-11e4-977f-0800271c1b75,50mg,
eca6b8c2-5b46-4a94-a7d9-24722be131b8,,Hctz 25mg,93bd9444-993e-4fa9-9344-b40e134d3cd9,33b0b316-8a92-11e4-977f-0800271c1b75,25mg,
d8fdc1b7-e393-45e8-8a64-dc95e57f89f4,,Hctz 50mg,93bd9444-993e-4fa9-9344-b40e134d3cd9,33b0b316-8a92-11e4-977f-0800271c1b75,50mg,
c3fccbc6-565e-4c2c-b1aa-bba217fd212e,,Zestril 20mg,fe5a3fbb-4a2d-4ca0-9eda-737e17d96f52,33b0b316-8a92-11e4-977f-0800271c1b75,20mg,
6ca6fa54-5b32-4d64-a66c-542c0889f840,,Lasix 20mg,9f6c3927-2a31-485c-8735-f10b9951aef9,33b0b316-8a92-11e4-977f-0800271c1b75,20mg,
09e58895-e7f0-4649-b7c0-e665c5c08e93,,Aspirin 81mg,09291895-fb7d-4989-9e31-723ab44856d2,33b0b316-8a92-11e4-977f-0800271c1b75,81mg,
38087db3-7395-431f-88d5-bb25e06e33f1,,Aspirin 325mg,09291895-fb7d-4989-9e31-723ab44856d2,33b0b316-8a92-11e4-977f-0800271c1b75,325mg,
8d4d2102-52a5-445d-9e0f-462d8967336a,,Celebrex 200mg,72c81a79-f281-40ac-a54c-bed78c89e385,33b0b316-8a92-11e4-977f-0800271c1b75,200mg,
c0a931b7-c900-45fe-b672-b78a00f41ed2,,Neurontin 100mg,0c0563de-cd06-49de-8b31-af79d668b81b,33b11175-8a92-11e4-977f-0800271c1b75,100mg,
12da54e5-294a-4be2-834c-4ffd996a5bf6,,Neurontin 800mg,0c0563de-cd06-49de-8b31-af79d668b81b,33b11175-8a92-11e4-977f-0800271c1b75,800mg,
fc882328-40ef-4fa3-852f-81f69fcf954f,,Tums,f381801c-7c75-4ab9-bdfe-3caa07175dfc,33b0b316-8a92-11e4-977f-0800271c1b75,,
0adc85cf-de4e-4c4b-a483-d8586f19626b,,Prilosec 20mg,df3f7c1f-dac8-429b-ba38-90d770c1253c,33b0b316-8a92-11e4-977f-0800271c1b75,20mg,
d5d560bc-e481-4874-93d0-a1023d1ce766,,Zantac 150mg,4c187e9c-3623-4763-94b4-86426e6a447f,33b0b316-8a92-11e4-977f-0800271c1b75,150mg,
45395ed4-63b2-43d2-af2a-23f4dc8e1b9e,,Protonix 20mg,b3ed709f-f800-4ea9-bbba-f52c69ef0d86,33b0b316-8a92-11e4-977f-0800271c1b75,20mg,
a8e05fa5-d9be-49ae-b266-cf9a4e2f2d60,,Glucophage 500mg,63aaaeba-9b3c-4ff5-9faf-522c10b6f54c,33b0b316-8a92-11e4-977f-0800271c1b75,500mg,
d6a60960-b4df-4ab0-a231-1c3fcc8414e1,,Glucotrol 5mg,e6701098-9f0e-41f9-9c9d-fcdb57715bef,33b0b316-8a92-11e4-977f-0800271c1b75,5mg,
af4be8ee-45b3-47e3-a32e-1c3bfb2e6f61,,Glipizide Er 3mg,da550975-a6c3-47f2-b568-1e2e749644c7,33b0b316-8a92-11e4-977f-0800271c1b75,3mg,
912e4679-7758-403e-8441-5b528561f7bc,,Glipizide Er 6mg,da550975-a6c3-47f2-b568-1e2e749644c7,33b0b316-8a92-11e4-977f-0800271c1b75,6mg,
2949ec94-0e60-4a99-b699-e36daa665033,,Bacitracin,2dc41359-1deb-4a83-b5ae-82c7df066bb4,c11814ab-4e88-46d7-8e9c-e78eb8312750,,
f691c1c4-1fe3-4fd5-afbf-2167ad241164,,Lotrimin 1%,895ae798-25af-4232-b4a1-942b11abd446,c11814ab-4e88-46d7-8e9c-e78eb8312750,1%,
4125aa3e-4b43-41c2-99a3-00bb71978084,,Nystatin 100000U/g,984a9a0b-13f6-4bb4-b55d-c51d5ce225c9,c11814ab-4e88-46d7-8e9c-e78eb8312750,100000U/g,
5363a53f-a3c2-4a29-b7f0-a4b075052e5e,,Levaquin 250mg,98dbb9b2-9859-4b68-b08a-78f88f629d40,33b0b316-8a92-11e4-977f-0800271c1b75,250mg,
5449d13a-591f-4840-9739-870966625f0f,,Valtrex 1g,0f5a1ae5-e52f-4252-96c4-895487daa4ff,33b0b316-8a92-11e4-977f-0800271c1b75,1g,
12dd160a-2ab4-4b95-900c-40ebf6ccc55f,,Doxycycline 100mg,b571adbe-388f-4219-be01-343738d3ed80,33b0b316-8a92-11e4-977f-0800271c1b75,100mg,
76a434fd-df90-4b19-ba47-26ddd7a00437,,Diflucan 200mg,32d6f1a8-7a0d-46f7-845a-84e3a27e686e,33b0b316-8a92-11e4-977f-0800271c1b75,200mg,
56034516-35a4-4bca-826e-df42008ebeed,,Albenza 400mg,8f668b49-584f-4cba-b0f2-817a8aaf50c4,33b0b316-8a92-11e4-977f-0800271c1b75,400mg,
396c0447-c8e2-4f2f-a9a1-b664efe352ea,,Lindane 1%,18e51e1e-544c-4716-a87b-79748cb46229,14b67db6-97a9-4754-800a-e8f7dadf1e4a,1%,
a8355c83-31db-4089-a962-512e35097ef0,,Amoxicillin 500mg,627a6041-ad81-4968-8adf-2f49aec4433b,33b11175-8a92-11e4-977f-0800271c1b75,500mg,
c554ffb2-5706-4623-a89a-008366cd564c,,Flagyl 250mg,f9608d19-a304-4508-9074-4858cd3ccbed,33b0b316-8a92-11e4-977f-0800271c1b75,250mg,
8dd89c2e-b45b-4fea-98d5-f6b9f02247c1,,Ceftin 250mg / 5ml,3c1e94bf-2892-461c-8d95-32bd533802a6,33b11175-8a92-11e4-977f-0800271c1b75,250mg / 5ml,
94c9f33b-ffe9-466b-8090-77cd3d5334f0,,Rocephin 1g,057a960e-04f9-45a2-a1c7-cabf440cdf15,14b67db6-97a9-4754-800a-e8f7dadf1e4a,1g,
dfc7e569-4e44-4b11-bc7f-4d0d7b768fd4,,Spiriva,6ad5a53a-4d46-475e-9de9-d16a4ee9bbfe,e5af7ef5-d381-44e4-85cb-6890b4041f21,,
0ba092a4-3fc1-4d45-a2cb-c7eaf95d6ebd,,Pulmicort,7e31f224-d756-41e6-9fd0-eb5ce3985460,e5af7ef5-d381-44e4-85cb-6890b4041f21,,
83d3ac4b-1aa8-40bb-83dd-7381a2876dc1,,Proventil,445f380a-f693-4100-9c9a-e43b73635039,92f298b6-83ad-4092-ba9c-66cc3ac7f802,,
8833d035-ac2d-4d23-b5cc-720ebfee1533,,Xopenex,55db5ea6-2a10-4782-acbf-6971017de4b6,92f298b6-83ad-4092-ba9c-66cc3ac7f802,,
e8b79172-45cd-40ce-9ca8-0a6a652bb47e,,Cortef,a2956625-0a07-48b7-9344-3cb707dcd542,c11814ab-4e88-46d7-8e9c-e78eb8312750,,
1fc3e5e1-85dd-4a1e-88fa-5f57e07d727d,,Miralax 17g,5a26faba-ca4c-458c-9f41-2a75e242694e,4c070636-db06-4f58-9a96-409310b4c702,17g,
aae13cbd-1509-4e4d-9b5a-ce6139fb74c2,,Colace 100mg,1a88b47f-b42f-414c-a159-c0261634441d,33b11175-8a92-11e4-977f-0800271c1b75,100mg,
311f1a89-0c75-4b34-bc88-00f2edee9400,,Senokot 17mg,e0e07cd2-9da6-492f-bbfa-8599e87ad9a4,33b0b316-8a92-11e4-977f-0800271c1b75,17mg,
8dd28534-a357-4617-8909-2160f7fd7e4c,,Claritin,2950f6c0-e75a-458e-9585-4096b9c759bf,33b0b316-8a92-11e4-977f-0800271c1b75,,
277024fa-a41d-4655-8485-a44ef683c41f,,Benadryl,1d4d3f02-ccf9-4c9e-b321-486b75c50924,33b0b316-8a92-11e4-977f-0800271c1b75,,
e3a59ed6-c9b9-4bb0-922d-25fc6aa74043,,Deltasone,8d27dba5-b2ee-4f02-acb7-49e63267cdfe,33b0b316-8a92-11e4-977f-0800271c1b75,,
52128175-f648-4a4b-bb2d-4d7a97ea4b6e,,Vitamin B12 1000mcg,5973652c-7edc-401f-8070-dea09c6921db,111b7c83-bd20-456a-9eb0-ab647e6566e0,1000mcg,
28dc1ebd-945e-4795-9060-5c60ffb5a577,,Ultram 50mg,34daf0c8-739f-4649-9d96-b45a32a233d6,33b0b316-8a92-11e4-977f-0800271c1b75,50mg,
b9f17974-47ba-430f-9a17-352f50241e90,,Flexeril 5mg,4d159957-5f5c-444c-9637-8ab41e564f1f,33b0b316-8a92-11e4-977f-0800271c1b75,5mg,
dec17cc7-f772-4814-ae9c-49007d644092,,Nexium 20mg,874d6f27-5c77-46fd-9d55-56e8880c9c03,33b0b316-8a92-11e4-977f-0800271c1b75,20mg,
c695f96f-32dd-47fe-9877-059ee337bea0,,Pepcid,1952c13e-d829-4450-a605-828a1bd6c11e,33b0b316-8a92-11e4-977f-0800271c1b75,,
637499ff-1c54-4722-ba57-3e41b3d22a49,,Permethrin,6315c226-01f6-4c59-9332-74f5347c3ef7,c11814ab-4e88-46d7-8e9c-e78eb8312750,,
47453ba1-85f2-4c78-b1c7-8b3c79e40df2,,Zeasorb 2%,965b643b-c07e-4959-8476-172e4aa5c4f9,c11814ab-4e88-46d7-8e9c-e78eb8312750,2%,
2f6bc24e-bd9e-4520-a6ba-f999ef7cbafd,,Tolnoftate 1%,af2ea7b7-e1f3-4e26-be0d-7d67242b8fd4,c11814ab-4e88-46d7-8e9c-e78eb8312750,1%,
f321c087-0a5b-48c1-a605-3954e6159b86,,Xylocaine,4ceec0ac-5c27-4c46-bb21-73dde18d02bd,14b67db6-97a9-4754-800a-e8f7dadf1e4a,,
63e5f917-ce97-47c4-8423-126bd798636e,,Normal Saline 0.9%,cc4a27b0-78cb-4d3d-9c85-51f4a06d1f4a,88c560aa-29c1-430b-bd9d-fd2f4364eb10,0.90%,
856c6ba9-201e-4022-a4b4-6d8aafeff7fd,,Dermadex 10mg,1b296ced-55cc-48b7-96c3-9447267d1302,33b0b316-8a92-11e4-977f-0800271c1b75,10mg,
60508974-752a-4960-b0be-f0e6aa6da64b,,Inderal 80mg,062fc7f6-3d11-409a-96f7-a60cd8a71a36,33b0b316-8a92-11e4-977f-0800271c1b75,80mg,
4e920e87-ac86-42ec-ab72-7b55d51e1a29,,Zestril 40mg,fe5a3fbb-4a2d-4ca0-9eda-737e17d96f52,33b0b316-8a92-11e4-977f-0800271c1b75,40mg,
b6a421fd-50f2-4ed7-b687-23d985e42a50,,Glucotrol 10mg,e6701098-9f0e-41f9-9c9d-fcdb57715bef,33b0b316-8a92-11e4-977f-0800271c1b75,10mg,
ab1a18bd-926d-48f3-8006-16314952698b,,Glyburide 5mg,37466129-caab-4a63-b050-95f6d7024ef6,33b0b316-8a92-11e4-977f-0800271c1b75,5mg,
54e1a064-172b-4d3c-ae8e-b78afb368c37,,Glyburide 3mg,37466129-caab-4a63-b050-95f6d7024ef6,33b0b316-8a92-11e4-977f-0800271c1b75,3mg,
e79df49a-71a6-4169-952c-0225048cb482,,Glyburide 6mg,37466129-caab-4a63-b050-95f6d7024ef6,33b0b316-8a92-11e4-977f-0800271c1b75,6mg,
8d883d65-9473-46ff-8b14-0ebe1f9a86da,,Ceclor 125mg / 5ml,73e70d41-9b9c-467d-b7a8-8ca548d34031,14b67db6-97a9-4754-800a-e8f7dadf1e4a,125mg / 5ml,
a20b435b-a8f8-4727-b2be-bcc5d2befd33,,Rocephin 500mg,057a960e-04f9-45a2-a1c7-cabf440cdf15,14b67db6-97a9-4754-800a-e8f7dadf1e4a,500mg,
91450143-ca6e-46fe-9fff-274be47521db,,Famvir 250mg,fdb394d2-4ed8-4a8f-be4b-a37e3a783537,33b0b316-8a92-11e4-977f-0800271c1b75,250mg,
b9934447-70bb-4ef3-a65d-ff7cffe39025,,Levaquin 250mg,98dbb9b2-9859-4b68-b08a-78f88f629d40,33b11175-8a92-11e4-977f-0800271c1b75,250mg,
b257beaf-a967-4822-8f78-9f87be045959,,Minocin 90mg,42bd60df-ddbb-402e-afb0-55479036d9c2,33b0b316-8a92-11e4-977f-0800271c1b75,90mg,
ca382f91-17b3-4b54-973e-8ccbdd89b8e1,,Cleocin 300mg,be063ef1-5a35-491c-b521-fd93bcad0117,33b0b316-8a92-11e4-977f-0800271c1b75,300mg,
9c38ea14-0972-46a9-9dac-76cafbb44971,,Cipro 250mg,a5a5aaf1-541e-4ca6-9753-bd4b0e479f81,33b0b316-8a92-11e4-977f-0800271c1b75,250mg,
03f18d86-ac0a-49a6-87bf-e022119301ad,,Cipro 500mg,a5a5aaf1-541e-4ca6-9753-bd4b0e479f81,33b0b316-8a92-11e4-977f-0800271c1b75,500mg,
83d98064-593f-4cf9-bec4-c427d4677f7d,,Biaxin 500mg,e22c86a2-a1c9-4431-85e8-30063b3da77e,33b0b316-8a92-11e4-977f-0800271c1b75,500mg,
45e91fa2-5458-4d2f-854b-11f08eb12801,,Solu-Medrol 125mg / 5ml,fb23af41-6811-4e45-b0ee-dc1c0e2239cb,14b67db6-97a9-4754-800a-e8f7dadf1e4a,125mg / 5ml,
827f6978-a666-4c58-8218-7388fdcc6fa3,,Visine 0.05%,17faad0f-246e-40fa-ba44-182e08ad51e5,9d6540e1-3f10-11e4-adec-0800271c1b75,0.05%,
247b17b0-8fe9-48de-a0f6-4b9a6f1caee8,,Allegra 60mg,8f446491-b746-43ae-bb22-1511aa0c5e29,33b0b316-8a92-11e4-977f-0800271c1b75,60mg,
14af1c0c-decd-41c0-ba07-95059f167ed2,,Allegra 180mg,8f446491-b746-43ae-bb22-1511aa0c5e29,33b0b316-8a92-11e4-977f-0800271c1b75,180mg,
3d215e2e-0560-4afc-9023-e1d1088bf484,,Robitussin Adult 200mg / 5ml,0e35f48a-437d-4f32-8b83-bfb20c814457,14b67db6-97a9-4754-800a-e8f7dadf1e4a,200mg / 5ml,
e42af6eb-e624-402e-bb26-ff2540a390d0,,Tudorza Pressair 400mcg,73e97253-5b15-4893-bd83-d4aca5f57eb7,e5af7ef5-d381-44e4-85cb-6890b4041f21,400mcg,
08128635-a443-42af-9b5d-32a2132cef06,,Pulmicort 90mcg,7e31f224-d756-41e6-9fd0-eb5ce3985460,e5af7ef5-d381-44e4-85cb-6890b4041f21,90mcg,
931d1308-a72f-4f3a-a627-63d8b3c8c25d,,Malarone,0fef4696-0ca0-4d5d-9fd2-69735171412f,33b0b316-8a92-11e4-977f-0800271c1b75,,
b0918013-25be-420f-b133-a76fbedb3406,,Symbicort 160mcg + 4.5mcg,04cda318-f9d2-4c09-bf27-8597b9bbdc68,e5af7ef5-d381-44e4-85cb-6890b4041f21,160mcg + 4.5mcg,
7c61da9b-9c70-484f-8da7-ca9a45aa56f9,,Ultracet 37.5mg + 325mg,fefa8262-934f-49c5-827f-be9533a4cd94,33b0b316-8a92-11e4-977f-0800271c1b75,37.5mg + 325mg,
ed9e55d8-eb78-4e2f-bc57-d5107ac1481c,,Amoxicillin 125mg / 5ml,43338e03-ed88-43c9-af23-995d91b94c0d,14b67db6-97a9-4754-800a-e8f7dadf1e4a,125mg / 5ml,
d3916ced-81fa-455f-bac7-f0afed65d9b1,,Tobradex 0.3% + 0.1%,587a6e6e-3675-4c92-bac0-a5c99ce1425e,9d6540e1-3f10-11e4-adec-0800271c1b75,0.3% + 0.1%,
4bc64ce7-18a8-460a-9314-0f89e4ca2d0b,,Bactrim 160mg + 800mg,becdbefb-d88b-4a21-affa-46a2c5dbdbdb,33b0b316-8a92-11e4-977f-0800271c1b75,160mg + 800mg,
8f04e3bf-60da-4e53-a577-f5fac65ec25e,,Augmentin 600mg + 42.9mg / 75ml,43338e03-ed88-43c9-af23-995d91b94c0d,14b67db6-97a9-4754-800a-e8f7dadf1e4a,600mg + 42.9mg / 75ml,
e6f2566d-610f-4d78-a3d5-e086d6742c51,,Advair 500mg + 50mg,c5a918a7-e968-4836-b8c3-15f7e1b22373,e5af7ef5-d381-44e4-85cb-6890b4041f21,500mg + 50mg,
1281857e-3426-4ca4-ae06-cd35cb4e0e01,,Breo 80mg + 4.5mg,39aee96f-314c-4535-a249-171b4191b70f,e5af7ef5-d381-44e4-85cb-6890b4041f21,80mg + 4.5mg,
51717134-b03a-4951-9e67-9fc56a920a24,,Hydrocortisone + Acetic Acid Otic,eade6ab5-0f3d-4e95-93eb-514a49219373,14b67db6-97a9-4754-800a-e8f7dadf1e4a,,
6a455315-51b3-41db-9e5d-ee03c2ad3cdb,,Augmentin 250mg + 62.5mg / 5ml,5af24242-1f58-40ef-a9a6-417cdf53c81c,14b67db6-97a9-4754-800a-e8f7dadf1e4a,250mg + 62.5mg / 5ml,
2ddaae26-c352-4245-a1d5-b8884068d17b,,Augmentin 600mg + 42.9mg / 125ml,5af24242-1f58-40ef-a9a6-417cdf53c81c,14b67db6-97a9-4754-800a-e8f7dadf1e4a,600mg + 42.9mg / 125ml,
f2736658-a69e-45e0-b289-e771ec86fc0c,,Advair 250mg + 50mg,c5a918a7-e968-4836-b8c3-15f7e1b22373,e5af7ef5-d381-44e4-85cb-6890b4041f21,250mg + 50mg,
a116c770-3d2e-4139-b670-45e021fede4e,,Advil 400mg,ff5cdb18-0258-4467-bf1f-35c7b6339767,33b0b316-8a92-11e4-977f-0800271c1b75,400mg,
3e804780-c538-4800-ab4d-da7f710dc4cd,,Advil 600mg,ff5cdb18-0258-4467-bf1f-35c7b6339767,33b0b316-8a92-11e4-977f-0800271c1b75,600mg,
62e89330-c656-44dc-bcf9-a7c90111e8c3,,Albenza 200mg,8f668b49-584f-4cba-b0f2-817a8aaf50c4,33b0b316-8a92-11e4-977f-0800271c1b75,200mg,
e2dc4a41-7f0b-44c7-ac3a-676939f176ef,,Alclometasone 0.05%,213140e7-8ea5-467e-8915-014de88149b2,c11814ab-4e88-46d7-8e9c-e78eb8312750,0.05%,
a8b5bd1d-867a-4159-b585-13fe1bd59dce,,Amoxicillin 250mg,627a6041-ad81-4968-8adf-2f49aec4433b,33b11175-8a92-11e4-977f-0800271c1b75,250mg,
0e99b832-3cad-4039-bfb5-0c2f55906f8a,,Amoxicillin 250mg / 5ml,43338e03-ed88-43c9-af23-995d91b94c0d,17b46434-eadc-452a-a13b-35d9a85d3d19,250mg / 5ml,
9e99eb20-5172-433a-ba7e-669b0f2af50b,,Amoxicillin 400mg / 5ml,43338e03-ed88-43c9-af23-995d91b94c0d,17b46434-eadc-452a-a13b-35d9a85d3d19,400mg/5ml,
a722710f-403b-451f-804b-09f8624b0838,,Aspirin 162.5mg,09291895-fb7d-4989-9e31-723ab44856d2,33b0b316-8a92-11e4-977f-0800271c1b75,162.5mg,
20e0d495-b906-405e-9cc7-1a18e14a5612,,Atenolol 100mg,1e10d8c9-36f0-4d6b-8ff6-7a453876d512,33b0b316-8a92-11e4-977f-0800271c1b75,100mg,
8b8aceae-7a1e-49d1-823a-ae657ea4184f,,Atenolol 25mg,1e10d8c9-36f0-4d6b-8ff6-7a453876d512,33b0b316-8a92-11e4-977f-0800271c1b75,25mg,
41acb9e7-5737-41fb-8931-746355fc0beb,,Atenolol 75mg,1e10d8c9-36f0-4d6b-8ff6-7a453876d512,33b0b316-8a92-11e4-977f-0800271c1b75,75mg,
93ac42d5-b121-4e7c-9f80-37f50bcaff64,,Bacitracin 500U/g,2dc41359-1deb-4a83-b5ae-82c7df066bb4,c11814ab-4e88-46d7-8e9c-e78eb8312750,500U/g,
1a9438b3-0cfb-4bef-b4fc-dc4324bb4134,,Benadryl 25mg,1d4d3f02-ccf9-4c9e-b321-486b75c50924,33b0b316-8a92-11e4-977f-0800271c1b75,25mg,
fcc75458-0d8e-4921-b6a8-baf5a7e26d8e,,Benadryl 50mg,1d4d3f02-ccf9-4c9e-b321-486b75c50924,33b0b316-8a92-11e4-977f-0800271c1b75,50mg,
02005fc7-625e-40de-bfbe-872f85b48e07,,Betamethasone 0.05%,213140e7-8ea5-467e-8915-014de88149b2,c11814ab-4e88-46d7-8e9c-e78eb8312750,0.05%,
19bf89f5-6f1b-4b11-82b7-686d619f5667,,Biaxin 250mg,e22c86a2-a1c9-4431-85e8-30063b3da77e,33b0b316-8a92-11e4-977f-0800271c1b75,250mg,
8c855783-fc73-4b3a-a415-4ca6a2b9560e,,Captopril 12.5mg,f5e348b5-ecd5-47cf-9a37-78e7ef08978d,33b0b316-8a92-11e4-977f-0800271c1b75,12.5mg,
864df3a3-cbda-48d7-86fb-6059b6db713b,,Captopril 25mg,f5e348b5-ecd5-47cf-9a37-78e7ef08978d,33b0b316-8a92-11e4-977f-0800271c1b75,25mg,
d9d1d81a-ab7c-47f5-9dbc-f837b82b4a30,,Captopril 50mg,f5e348b5-ecd5-47cf-9a37-78e7ef08978d,33b0b316-8a92-11e4-977f-0800271c1b75,50mg,
bb8a1afa-9dbc-477d-93b3-411f03f742f7,,Ceclor 250mg / 5ml,73e70d41-9b9c-467d-b7a8-8ca548d34031,17b46434-eadc-452a-a13b-35d9a85d3d19,250mg / 5ml,
40c49aab-41f0-4782-a1c7-88d190e4ffae,,Ceftin 125mg / 5ml,3c1e94bf-2892-461c-8d95-32bd533802a6,33b11175-8a92-11e4-977f-0800271c1b75,125mg / 5ml,
a6bb9b34-7417-4602-b2c4-62f8559c0ef9,,Chloroquine 250mg,7c929bab-b652-4ef1-b0de-6d98c6cee180,33b0b316-8a92-11e4-977f-0800271c1b75,250mg,
28137a3d-215c-4b8f-bda1-ee13e5bb4bd5,,Chloroquine 500mg,7c929bab-b652-4ef1-b0de-6d98c6cee180,33b0b316-8a92-11e4-977f-0800271c1b75,500mg,
372d5752-dc7b-487e-b450-e7cdabacef50,,Cipro 750mg,a5a5aaf1-541e-4ca6-9753-bd4b0e479f81,33b0b316-8a92-11e4-977f-0800271c1b75,750mg,
2976fb3e-a020-4a29-8424-878928607e01,,Claritin 10mg,2950f6c0-e75a-458e-9585-4096b9c759bf,33b0b316-8a92-11e4-977f-0800271c1b75,10mg,
3e14295d-63f7-4876-8767-cf93f9c6ca68,,Claritin 5mg / 5ml,2950f6c0-e75a-458e-9585-4096b9c759bf,17b46434-eadc-452a-a13b-35d9a85d3d19,5mg / 5ml,
b4abf73f-d647-49a7-9957-a16983d8b211,,Cleocin 150mg,be063ef1-5a35-491c-b521-fd93bcad0117,33b0b316-8a92-11e4-977f-0800271c1b75,150mg,
8035131f-4346-481b-b746-84837e900781,,Cleocin 450mg,be063ef1-5a35-491c-b521-fd93bcad0117,33b0b316-8a92-11e4-977f-0800271c1b75,450mg,
c76ca2a3-c70e-42cd-9618-500ebf3f2474,,Deltasone 10mg,8d27dba5-b2ee-4f02-acb7-49e63267cdfe,33b0b316-8a92-11e4-977f-0800271c1b75,10mg,
8a9fdf80-2caa-407d-96a7-a5701a140e6a,,Deltasone 20mg,8d27dba5-b2ee-4f02-acb7-49e63267cdfe,33b0b316-8a92-11e4-977f-0800271c1b75,20mg,
c259b78f-6dac-4749-a21f-935646bc3c0d,,Deltasone 40mg,8d27dba5-b2ee-4f02-acb7-49e63267cdfe,33b0b316-8a92-11e4-977f-0800271c1b75,40mg,
efb8b933-04cc-4f2f-8499-94a8b7b58027,,Deltasone 5mg,8d27dba5-b2ee-4f02-acb7-49e63267cdfe,33b0b316-8a92-11e4-977f-0800271c1b75,5mg,
22ce4524-954e-41c2-a995-91ef80cad806,,Diclofenac 50mg,93d0f5ab-78b5-46ee-aefb-05376cef6c77,33b0b316-8a92-11e4-977f-0800271c1b75,50mg,
fb1509f8-0287-4111-a58c-e4f48fa6575d,,Diflucan 100mg,32d6f1a8-7a0d-46f7-845a-84e3a27e686e,33b0b316-8a92-11e4-977f-0800271c1b75,100mg,
f32f7a3f-d27f-412d-a91c-d8d99fad464e,,Diflucan 150mg,32d6f1a8-7a0d-46f7-845a-84e3a27e686e,33b0b316-8a92-11e4-977f-0800271c1b75,150mg,
f944281f-8655-4897-9fdb-6cc038d094f9,,Erythromycin 125mg / 5ml,bbd3baa3-64bc-443d-b794-d684b413d7dd,17b46434-eadc-452a-a13b-35d9a85d3d19,125mg / 5ml,
7a6c2021-7be0-46eb-bc03-b88b6d2f5ba6,,Erythromycin 250mg / 5ml,bbd3baa3-64bc-443d-b794-d684b413d7dd,17b46434-eadc-452a-a13b-35d9a85d3d19,250mg / 5ml,
ef56eef4-8be8-4c7b-af5b-38577d7b0e96,,Eucerin,8d26417d-5d45-4ca8-9d91-c18ae5792c8b,d91ceba3-a908-49a6-9b9c-0fc473efb709,,
9b3159fc-f5d3-4713-8099-57ff8377c7f3,,Eye glasses,70f0f39c-9a43-4902-9f56-d7f8007f5c6c,692a18cd-d15e-4ef8-8ed2-0e878b6d7b32,,
89e1bd4d-2d1e-4c1b-92ca-1d997943020d,,Flagyl 500mg,f9608d19-a304-4508-9074-4858cd3ccbed,33b0b316-8a92-11e4-977f-0800271c1b75,500mg,
f6f88eca-f59c-4859-8a7a-d005a59691ce,,Flexeril 10mg,4d159957-5f5c-444c-9637-8ab41e564f1f,33b0b316-8a92-11e4-977f-0800271c1b75,10mg,
52b9f66b-cb47-487a-9452-00e036fe1dd8,,Flonase 50mcg,59c4799f-151b-4479-a9c8-a05a27893d29,06525673-7541-4f43-b34f-9ddfd9ccea85,50mcg,
6b8a0e60-09ee-4d93-b46a-3ab8cab22b29,,Gatorade,28001e9e-9369-421a-8e01-f2d9d68f0784,e6727dc7-967d-4bf6-9caf-af8a4997a62d,,
1fb6be75-14f1-4171-af87-2a7fb223a806,,Gentamicin 0.3%,1b6b830c-068d-460d-8411-c42ffe7b0331,190df42f-216c-48e0-b7f9-cc53d4fcb0f5,0.30%,
85dc7fa9-2cbb-42ca-a7a8-244465f4f737,,Gentian Violet 1%,c30f5267-e067-4e01-9b88-8f4ee5c7c069,14b67db6-97a9-4754-800a-e8f7dadf1e4a,1%,
3e4dbab0-674c-4660-999c-09a67520451a,,HCTZ 12.5mg,93bd9444-993e-4fa9-9344-b40e134d3cd9,33b0b316-8a92-11e4-977f-0800271c1b75,12.5mg,
9a0b84c9-6c80-4fc0-9764-43a870b2a432,,Hydrocortisone 1%,a2956625-0a07-48b7-9344-3cb707dcd542,c11814ab-4e88-46d7-8e9c-e78eb8312750,1%,
f116a3d6-3019-4e7c-9a1f-42c681144a31,,Hydrocortisone 2.5%,a2956625-0a07-48b7-9344-3cb707dcd542,c11814ab-4e88-46d7-8e9c-e78eb8312750,2.50%,
c15080cf-f142-46be-8dd3-7193958c4e93,,Inderal IR 10mg,8540ed16-f5ba-4abb-b707-6abd20032a84,33b0b316-8a92-11e4-977f-0800271c1b75,10mg,
22e9616c-b0c0-4d3e-95e9-173750386d61,,Inderal IR 20mg,8540ed16-f5ba-4abb-b707-6abd20032a84,33b0b316-8a92-11e4-977f-0800271c1b75,20mg,
23e8de30-5b3c-4371-a185-200556fa0951,,Inderal IR 40mg,8540ed16-f5ba-4abb-b707-6abd20032a84,33b0b316-8a92-11e4-977f-0800271c1b75,40mg,
997f4df8-0cdd-47bc-ba71-a01c6bcd3b89,,Inderal IR 60mg,8540ed16-f5ba-4abb-b707-6abd20032a84,33b0b316-8a92-11e4-977f-0800271c1b75,60mg,
ec734d5e-53c3-4d59-8c3a-3ce9c9360bc9,,Iron IR 325mg,d49e1658-7a16-41d2-8937-4c785a8f6d4b,33b0b316-8a92-11e4-977f-0800271c1b75,325mg,
9bab903e-6312-4c6a-95dc-149c86e752ad,,Lasix 10mg,9f6c3927-2a31-485c-8735-f10b9951aef9,33b0b316-8a92-11e4-977f-0800271c1b75,10mg,
db08ac66-5b79-4e29-a799-6c9b76d3c40b,,Lasix 40mg,9f6c3927-2a31-485c-8735-f10b9951aef9,33b0b316-8a92-11e4-977f-0800271c1b75,40mg,
7edcd7d4-ca9f-45f8-b591-bcf0985e7213,,Lasix 60mg,9f6c3927-2a31-485c-8735-f10b9951aef9,33b0b316-8a92-11e4-977f-0800271c1b75,60mg,
cf76df0e-4571-4f7a-9a66-cb7122134077,,Lasix 80mg,9f6c3927-2a31-485c-8735-f10b9951aef9,33b0b316-8a92-11e4-977f-0800271c1b75,80mg,
39c32716-b384-4dd8-84c7-324786e015b3,,Levaquin 500mg,98dbb9b2-9859-4b68-b08a-78f88f629d40,33b0b316-8a92-11e4-977f-0800271c1b75,500mg,
d88a415d-1532-4d6e-9b47-b0264aa84485,,Metro-gel 0.75%,f9608d19-a304-4508-9074-4858cd3ccbed,c11814ab-4e88-46d7-8e9c-e78eb8312750,0.75%,
92e5fe31-7eb4-4bdc-a245-e359715eee0e,,Motrin Chilren's 100mg / 5ml,ff5cdb18-0258-4467-bf1f-35c7b6339767,17b46434-eadc-452a-a13b-35d9a85d3d19,100mg / 5ml,
5939e5cd-cc6e-470a-bd7d-d1353e9174be,,Motrin Infant's 50mg / 1.25ml,ff5cdb18-0258-4467-bf1f-35c7b6339767,17b46434-eadc-452a-a13b-35d9a85d3d19,50mg / 1.25ml,
9dcd95b2-afe2-4d51-8b88-17211966fd65,,Neosporin,e28a653a-d7fc-4158-989f-9515963ea3db,c11814ab-4e88-46d7-8e9c-e78eb8312750,,
c6308b9c-00f1-476c-aa61-745bb26e0f71,,Neurontin 300mg,0c0563de-cd06-49de-8b31-af79d668b81b,33b11175-8a92-11e4-977f-0800271c1b75,300mg,
294c26b6-a5c8-454e-b9b7-16d103584b3d,,Neurontin 600mg,0c0563de-cd06-49de-8b31-af79d668b81b,33b11175-8a92-11e4-977f-0800271c1b75,600mg,
9a118208-e8a4-4af2-bb3a-f0bf02649e75,,Neurontin 900mg,0c0563de-cd06-49de-8b31-af79d668b81b,33b11175-8a92-11e4-977f-0800271c1b75,900mg,
d63618a1-258b-40e2-b46a-50130d9a4573,,Norvasc 2.5mg,93491208-5dc1-47e5-9f3c-7bf99919f13a,33b0b316-8a92-11e4-977f-0800271c1b75,2.5mg,
b482962f-83c0-4cdb-9dc9-890294e8b53b,,Orthopedic device,3fc18bdb-948e-4573-add5-37d75853daf6,692a18cd-d15e-4ef8-8ed2-0e878b6d7b32,,
b3540868-910d-456c-8cba-459f4b5fe9ff,,Pepcid 20mg,1952c13e-d829-4450-a605-828a1bd6c11e,33b0b316-8a92-11e4-977f-0800271c1b75,20mg,
c36a8c91-0c4d-4be3-950b-f5f07428a816,,Pepcid 40mg,1952c13e-d829-4450-a605-828a1bd6c11e,33b0b316-8a92-11e4-977f-0800271c1b75,40mg,
84945f45-3a3c-4d57-bc34-b474cf7ad612,,Prevacid 15mg,6a5c3069-492d-4aa3-99a1-93497fb3d1c9,33b0b316-8a92-11e4-977f-0800271c1b75,15mg,
b73ac801-cf29-4e21-a2b2-a5288222d34c,,Prevacid 30mg,6a5c3069-492d-4aa3-99a1-93497fb3d1c9,33b0b316-8a92-11e4-977f-0800271c1b75,30mg,
5a244df6-7cee-44da-89b0-f9bf732ffbed,,Proscar 1mg,e2650794-cf62-4a1a-a678-0bcc3bf21323,33b0b316-8a92-11e4-977f-0800271c1b75,1mg,
1baa0c9d-5c1b-4673-bc8b-732c556c7c68,,Proscar 5mg,e2650794-cf62-4a1a-a678-0bcc3bf21323,33b0b316-8a92-11e4-977f-0800271c1b75,5mg,
7a4861ec-81ab-4989-95b6-df5a9bd16651,,Protonix 40mg,b3ed709f-f800-4ea9-bbba-f52c69ef0d86,33b0b316-8a92-11e4-977f-0800271c1b75,40mg,
e61b5364-5d97-40bd-9557-a555f232fc43,,Proventil 200mcg,445f380a-f693-4100-9c9a-e43b73635039,e5af7ef5-d381-44e4-85cb-6890b4041f21,200mcg,
b8655f3b-ec83-418a-b767-54c053fbd743,,Proventil 400mcg,445f380a-f693-4100-9c9a-e43b73635039,e5af7ef5-d381-44e4-85cb-6890b4041f21,400mcg,
c9544877-0a60-462f-9b7c-c8bb57380831,,Pulmicort Flexhaler 180mcg,7e31f224-d756-41e6-9fd0-eb5ce3985460,e5af7ef5-d381-44e4-85cb-6890b4041f21,180mcg,
70e97a3d-0084-400a-aace-50b50dc04ed4,,Pulmicort Flexhaler 360mcg,7e31f224-d756-41e6-9fd0-eb5ce3985460,e5af7ef5-d381-44e4-85cb-6890b4041f21,360mcg,
e1a092b6-10f6-438e-aa6d-2b0d1059403e,,Rocephin 2g,057a960e-04f9-45a2-a1c7-cabf440cdf15,111b7c83-bd20-456a-9eb0-ab647e6566e0,2g,
bc56515a-cfb0-4dcd-a6e6-351e3bf1154c,,Saline flush 0.9%,f7977809-0fbe-47a4-8905-e375bcb31f3f,14b67db6-97a9-4754-800a-e8f7dadf1e4a,0.90%,
cd228fc7-699d-4d47-a11f-9e72c8e940f1,,Spiriva HandiHaler 18mcg,33bf57ae-526a-469f-8e88-a2fd07bd9da9,e5af7ef5-d381-44e4-85cb-6890b4041f21,18mcg,
88b343c0-a9e9-4b45-b57e-cc7014ab7f34,,Sulfacetamide 0.1,516e7c1e-9019-4c19-a853-862e4a8fd8c1,190df42f-216c-48e0-b7f9-cc53d4fcb0f5,10%,
94282e7b-23c3-4a08-aa74-1049cdc457d3,,Thermacare Heatwrap,b88ca045-2707-4fff-b383-89840293334d,692a18cd-d15e-4ef8-8ed2-0e878b6d7b32,,
29050ed9-d91e-4ced-8d18-8d37f5d55be2,,Tylenol 500mg,3440c780-b5ff-4b47-82e2-e0b8fc16bc89,33b0b316-8a92-11e4-977f-0800271c1b75,500mg,
9d3011b1-5be6-47b0-825b-851ad385c6d9,,Tylenol Chilren's 160mg / 5ml,3440c780-b5ff-4b47-82e2-e0b8fc16bc89,17b46434-eadc-452a-a13b-35d9a85d3d19,160mg / 5ml,
07a5d160-973c-422b-89db-9aeddd8d70a1,,Voltaren 1%,899fcf9c-8236-4603-b6d1-46a778db6504,61e9f4ce-fd91-405d-9a51-d0ccc94b18fa,1%,
b7c41b8b-aa72-4749-9649-2684488a9406,,Zestril 10mg,fe5a3fbb-4a2d-4ca0-9eda-737e17d96f52,33b0b316-8a92-11e4-977f-0800271c1b75,10mg,
d6f041d9-cf9b-4208-87fa-355a4ef6fcaa,,Zofran 8mg,6ff87358-869f-4756-b74d-dda05de51848,33b0b316-8a92-11e4-977f-0800271c1b75,8mg,
3cff7277-8c40-40fe-bdee-79c04376447b,,Zyrtec 10mg,dfeb53e9-4253-42fc-8f6e-edc6213c9515,33b0b316-8a92-11e4-977f-0800271c1b75,10mg,
1f00446e-7247-4c01-88b3-8ca215e29e23,,Zyrtec 1mg / 1ml,dfeb53e9-4253-42fc-8f6e-edc6213c9515,17b46434-eadc-452a-a13b-35d9a85d3d19,1mg / 1ml,
2c9027fa-3723-491c-bbed-8989f0d4dabe,,Acetasol 1% + 2%,3332a02d-c154-45e8-ae0a-b9d36c899770,d64f45bc-e15b-474d-9066-f017479932e7,1% + 2%,
c6f97741-1f9c-4b25-8af1-dcf3fe720d7a,,Bactoclav 500mg + 125mg,dbd7f53b-ea41-4cdd-bfe1-32d47536b469,33b0b316-8a92-11e4-977f-0800271c1b75,500mg + 125mg,
cd280c73-ebfd-4213-8706-3ebce0019156,,Breo 100mcg + 25mcg,39aee96f-314c-4535-a249-171b4191b70f,e5af7ef5-d381-44e4-85cb-6890b4041f21,100mcg + 25mcg,
e153441b-af4a-4fcf-aa7f-3bc2419520fa,,Breo 200mcg + 25mcg,39aee96f-314c-4535-a249-171b4191b70f,e5af7ef5-d381-44e4-85cb-6890b4041f21,200mcg + 25mcg,
3ac7c011-1168-4eb6-b071-6ee11d1e2b24,,Combivent 18mcg + 103mcg,36b65481-8912-496e-b26a-10da10cd1d4e,e5af7ef5-d381-44e4-85cb-6890b4041f21,18mcg + 103mcg,
c5551705-ce62-4054-97e1-7eba697c0b77,,Malarone 1g + 400mg,5a2b62f9-6254-4ef1-925b-0224f8dfefb1,33b0b316-8a92-11e4-977f-0800271c1b75,1g + 400mg,
6bea54c9-97d5-4a9b-90fe-ee5ac2a9dd1c,,Malarone 250mg + 100mg,5a2b62f9-6254-4ef1-925b-0224f8dfefb1,33b0b316-8a92-11e4-977f-0800271c1b75,250mg + 100mg,
0ade342f-abe3-4195-bcf4-16e2b502da26,,Proventil 2.5mg,445f380a-f693-4100-9c9a-e43b73635039,40a0f303-3c80-45a9-a151-a4475b2c5608,2.5mg,
9bb16770-8205-4360-b7e3-86d2d4cf08fb,,Rocephin 250mg,057a960e-04f9-45a2-a1c7-cabf440cdf15,111b7c83-bd20-456a-9eb0-ab647e6566e0,250mg,