<?xml version="1.0" encoding="UTF-8"?>
<package id="1" uuid="04449f73-e6c9-416b-bef8-ee0f85b70099">
  <dateCreated id="2">2020-01-22 12:21:24</dateCreated>
  <name>ConceptSources</name>
  <description>Concept Sources used by the default implementation</description>
  <openmrsVersion>2.1.1  Build 725db5</openmrsVersion>
  <version>1</version>
  <groupUuid>0e1ca4cd-dba7-4521-8397-272e3d8357f1</groupUuid>
  <modules id="3">
    <entry>
      <string>calculation</string>
      <string>1.2</string>
    </entry>
    <entry>
      <string>legacyui</string>
      <string>1.3.3</string>
    </entry>
    <entry>
      <string>metadatasharing</string>
      <string>1.2.2</string>
    </entry>
    <entry>
      <string>elisatomfeedclient</string>
      <string>0.91-SNAPSHOT</string>
    </entry>
    <entry>
      <string>bedmanagement</string>
      <string>5.8.0</string>
    </entry>
    <entry>
      <string>providermanagement</string>
      <string>2.5.0</string>
    </entry>
    <entry>
      <string>bacteriology</string>
      <string>1.1</string>
    </entry>
    <entry>
      <string>htmlwidgets</string>
      <string>1.8.0</string>
    </entry>
    <entry>
      <string>reference-data</string>
      <string>0.91-SNAPSHOT</string>
    </entry>
    <entry>
      <string>operationtheater</string>
      <string>1.2.0</string>
    </entry>
    <entry>
      <string>addresshierarchy</string>
      <string>2.9</string>
    </entry>
    <entry>
      <string>reportingrest</string>
      <string>1.10.0</string>
    </entry>
    <entry>
      <string>uiframework</string>
      <string>3.8</string>
    </entry>
    <entry>
      <string>rulesengine</string>
      <string>0.91-SNAPSHOT</string>
    </entry>
    <entry>
      <string>idgen-webservices</string>
      <string>1.2-SNAPSHOT</string>
    </entry>
    <entry>
      <string>event</string>
      <string>2.5</string>
    </entry>
    <entry>
      <string>uicommons</string>
      <string>2.0</string>
    </entry>
    <entry>
      <string>reporting</string>
      <string>1.16.0</string>
    </entry>
    <entry>
      <string>emrapi</string>
      <string>1.24.5</string>
    </entry>
    <entry>
      <string>episodes</string>
      <string>1.0-SNAPSHOT</string>
    </entry>
    <entry>
      <string>appointments</string>
      <string>1.1-SNAPSHOT</string>
    </entry>
    <entry>
      <string>idgen</string>
      <string>4.4.1</string>
    </entry>
    <entry>
      <string>bahmniOfflineSync</string>
      <string>0.91-SNAPSHOT</string>
    </entry>
    <entry>
      <string>auditlog</string>
      <string>1.1-SNAPSHOT</string>
    </entry>
    <entry>
      <string>bahmnicore</string>
      <string>0.91-SNAPSHOT</string>
    </entry>
    <entry>
      <string>uilibrary</string>
      <string>2.0.5</string>
    </entry>
    <entry>
      <string>appframework</string>
      <string>2.10.0</string>
    </entry>
    <entry>
      <string>webservices.rest</string>
      <string>2.24.0.573609</string>
    </entry>
    <entry>
      <string>openmrs-atomfeed</string>
      <string>2.5.6</string>
    </entry>
    <entry>
      <string>owa</string>
      <string>1.9.0</string>
    </entry>
    <entry>
      <string>metadatamapping</string>
      <string>1.3.1</string>
    </entry>
    <entry>
      <string>bahmni.ie.apps</string>
      <string>0.91-SNAPSHOT</string>
    </entry>
    <entry>
      <string>serialization.xstream</string>
      <string>0.2.12</string>
    </entry>
  </modules>
  <items class="linked-hash-set" id="4">
    <org.openmrs.module.metadatasharing.Item id="5" uuid="693375ad-12b2-11e6-8c00-080027d2adbd">
      <id>5</id>
      <classname>org.openmrs.ConceptSource</classname>
      <dateChanged id="6">2016-05-04 16:00:00</dateChanged>
      <retired>false</retired>
    </org.openmrs.module.metadatasharing.Item>
    <org.openmrs.module.metadatasharing.Item id="7" uuid="6935fa65-12b2-11e6-8c00-080027d2adbd">
      <id>6</id>
      <classname>org.openmrs.ConceptSource</classname>
      <dateChanged id="8">2016-05-04 16:00:00</dateChanged>
      <retired>false</retired>
    </org.openmrs.module.metadatasharing.Item>
    <org.openmrs.module.metadatasharing.Item id="9" uuid="6b007238-12b2-11e6-8c00-080027d2adbd">
      <id>7</id>
      <classname>org.openmrs.ConceptSource</classname>
      <dateChanged id="10">2016-05-05 05:13:39</dateChanged>
      <retired>false</retired>
    </org.openmrs.module.metadatasharing.Item>
    <org.openmrs.module.metadatasharing.Item id="11" uuid="706a448b-3f10-11e4-adec-0800271c1b75">
      <id>1</id>
      <classname>org.openmrs.ConceptSource</classname>
      <dateChanged id="12">2014-09-18 06:17:36</dateChanged>
      <retired>false</retired>
    </org.openmrs.module.metadatasharing.Item>
    <org.openmrs.module.metadatasharing.Item id="13" uuid="cb523690-9012-4e72-b8bf-4253e1b1a687">
      <id>2</id>
      <classname>org.openmrs.ConceptSource</classname>
      <dateChanged id="14">2014-08-19 16:00:00</dateChanged>
      <retired>false</retired>
    </org.openmrs.module.metadatasharing.Item>
    <org.openmrs.module.metadatasharing.Item id="15" uuid="dbe4f23e-4e14-11e4-8a57-0800271c1b75">
      <id>3</id>
      <classname>org.openmrs.ConceptSource</classname>
      <dateChanged id="16">2014-10-07 08:57:02</dateChanged>
      <retired>false</retired>
    </org.openmrs.module.metadatasharing.Item>
    <org.openmrs.module.metadatasharing.Item id="17" uuid="f0217041-1175-42fd-a40e-244d01f34d17">
      <id>4</id>
      <classname>org.openmrs.ConceptSource</classname>
      <dateChanged id="18">2015-08-27 02:41:03</dateChanged>
      <retired>false</retired>
    </org.openmrs.module.metadatasharing.Item>
  </items>
  <relatedItems class="linked-hash-set" id="19"/>
</package>
