<?xml version="1.0" encoding="UTF-8"?>
<list id="1">
  <org.openmrs.ConceptSource id="2" uuid="693375ad-12b2-11e6-8c00-080027d2adbd">
    <name>CEIL</name>
    <description>CEIL Bacteriology concept source</description>
    <creator/>
    <dateCreated id="3">2016-05-04 16:00:00</dateCreated>
    <retired>false</retired>
    <conceptSourceId>5</conceptSourceId>
    <hl7Code>CEIL</hl7Code>
  </org.openmrs.ConceptSource>
  <org.openmrs.ConceptSource id="4" uuid="6935fa65-12b2-11e6-8c00-080027d2adbd">
    <name>org.openmrs.module.bacteriology</name>
    <description>concept source for bacteriology module</description>
    <creator/>
    <dateCreated id="5">2016-05-04 16:00:00</dateCreated>
    <retired>false</retired>
    <conceptSourceId>6</conceptSourceId>
    <hl7Code>BACT</hl7Code>
  </org.openmrs.ConceptSource>
  <org.openmrs.ConceptSource id="6" uuid="6b007238-12b2-11e6-8c00-080027d2adbd">
    <name>Abbreviation</name>
    <description>Custom dictionary for storing abbreviation of concepts</description>
    <creator/>
    <dateCreated id="7">2016-05-05 05:13:39</dateCreated>
    <retired>false</retired>
    <conceptSourceId>7</conceptSourceId>
  </org.openmrs.ConceptSource>
  <org.openmrs.ConceptSource id="8" uuid="706a448b-3f10-11e4-adec-0800271c1b75">
    <name>org.openmrs.module.emrapi</name>
    <description>Source used to tag concepts used in the EMR API module</description>
    <creator/>
    <dateCreated id="9">2014-09-18 06:17:36</dateCreated>
    <retired>false</retired>
    <conceptSourceId>1</conceptSourceId>
    <hl7Code></hl7Code>
  </org.openmrs.ConceptSource>
  <org.openmrs.ConceptSource id="10" uuid="cb523690-9012-4e72-b8bf-4253e1b1a687">
    <name>SNOMED</name>
    <description>SNOMED Duration Source</description>
    <creator/>
    <dateCreated id="11">2014-08-19 16:00:00</dateCreated>
    <retired>false</retired>
    <conceptSourceId>2</conceptSourceId>
    <hl7Code>SCT</hl7Code>
  </org.openmrs.ConceptSource>
  <org.openmrs.ConceptSource id="12" uuid="dbe4f23e-4e14-11e4-8a57-0800271c1b75">
    <name>ICD 10 - WHO</name>
    <description>ICD 10 WHO Concept Source</description>
    <creator/>
    <dateCreated id="13">2014-10-07 08:57:02</dateCreated>
    <retired>false</retired>
    <conceptSourceId>3</conceptSourceId>
    <hl7Code>ICD 10 - WHO</hl7Code>
  </org.openmrs.ConceptSource>
  <org.openmrs.ConceptSource id="14" uuid="f0217041-1175-42fd-a40e-244d01f34d17">
    <name>PACS Procedure Code</name>
    <description>LOINC equivalent for procedure codes</description>
    <creator/>
    <dateCreated id="15">2015-08-27 02:41:03</dateCreated>
    <retired>false</retired>
    <conceptSourceId>4</conceptSourceId>
    <hl7Code>LOINC</hl7Code>
  </org.openmrs.ConceptSource>
</list>
