<?xml version="1.0" encoding="UTF-8"?>
<package id="1" uuid="5974c958-7ab3-4ea6-b000-69280849a412">
  <dateCreated id="2">2018-10-10 08:52:02</dateCreated>
  <name>RelationsghipType</name>
  <description>Relationship Type</description>
  <openmrsVersion>2.1.1  Build 725db5</openmrsVersion>
  <version>1</version>
  <groupUuid>4c4c14bd-d0ae-4677-b545-b9a9d2b52fb7</groupUuid>
  <modules id="3">
    <entry>
      <string>calculation</string>
      <string>1.2</string>
    </entry>
    <entry>
      <string>legacyui</string>
      <string>1.3.3</string>
    </entry>
    <entry>
      <string>metadatasharing</string>
      <string>1.2.2</string>
    </entry>
    <entry>
      <string>bedmanagement</string>
      <string>5.6.0</string>
    </entry>
    <entry>
      <string>providermanagement</string>
      <string>2.5.0</string>
    </entry>
    <entry>
      <string>bacteriology</string>
      <string>1.1-SNAPSHOT</string>
    </entry>
    <entry>
      <string>htmlwidgets</string>
      <string>1.8.0</string>
    </entry>
    <entry>
      <string>reference-data</string>
      <string>0.90-SNAPSHOT</string>
    </entry>
    <entry>
      <string>addresshierarchy</string>
      <string>2.11.0</string>
    </entry>
    <entry>
      <string>uiframework</string>
      <string>3.8</string>
    </entry>
    <entry>
      <string>rulesengine</string>
      <string>0.90-SNAPSHOT</string>
    </entry>
    <entry>
      <string>idgen-webservices</string>
      <string>1.2-SNAPSHOT</string>
    </entry>
    <entry>
      <string>event</string>
      <string>2.5</string>
    </entry>
    <entry>
      <string>uicommons</string>
      <string>2.0</string>
    </entry>
    <entry>
      <string>reporting</string>
      <string>1.12.0</string>
    </entry>
    <entry>
      <string>emrapi</string>
      <string>1.23.0</string>
    </entry>
    <entry>
      <string>episodes</string>
      <string>1.0-SNAPSHOT</string>
    </entry>
    <entry>
      <string>appointments</string>
      <string>1.0-SNAPSHOT</string>
    </entry>
    <entry>
      <string>idgen</string>
      <string>4.4.1</string>
    </entry>
    <entry>
      <string>auditlog</string>
      <string>1.0-SNAPSHOT</string>
    </entry>
    <entry>
      <string>bahmnicore</string>
      <string>0.90-SNAPSHOT</string>
    </entry>
    <entry>
      <string>uilibrary</string>
      <string>2.0.5</string>
    </entry>
    <entry>
      <string>initializer</string>
      <string>1.0.2-SNAPSHOT</string>
    </entry>
    <entry>
      <string>appframework</string>
      <string>2.10.0</string>
    </entry>
    <entry>
      <string>webservices.rest</string>
      <string>2.20.0.0e371e</string>
    </entry>
    <entry>
      <string>openmrs-atomfeed</string>
      <string>2.5.6</string>
    </entry>
    <entry>
      <string>metadatamapping</string>
      <string>1.3.1</string>
    </entry>
    <entry>
      <string>bahmni.ie.apps</string>
      <string>0.90-SNAPSHOT</string>
    </entry>
    <entry>
      <string>serialization.xstream</string>
      <string>0.2.12</string>
    </entry>
  </modules>
  <items class="linked-hash-set" id="4">
    <org.openmrs.module.metadatasharing.Item id="5" uuid="03ecf59a-4c7a-11e5-9192-080027b662ec">
      <id>1</id>
      <classname>org.openmrs.RelationshipType</classname>
      <dateChanged id="6">2018-10-10 08:50:26</dateChanged>
      <retired>true</retired>
    </org.openmrs.module.metadatasharing.Item>
    <org.openmrs.module.metadatasharing.Item id="7" uuid="03ed3084-4c7a-11e5-9192-080027b662ec">
      <id>2</id>
      <classname>org.openmrs.RelationshipType</classname>
      <dateChanged id="8">2018-10-10 08:50:33</dateChanged>
      <retired>true</retired>
    </org.openmrs.module.metadatasharing.Item>
    <org.openmrs.module.metadatasharing.Item id="9" uuid="03ed79c5-4c7a-11e5-9192-080027b662ec">
      <id>3</id>
      <classname>org.openmrs.RelationshipType</classname>
      <dateChanged id="10">2018-10-10 08:50:39</dateChanged>
      <retired>true</retired>
    </org.openmrs.module.metadatasharing.Item>
    <org.openmrs.module.metadatasharing.Item id="11" uuid="2a5f4ff4-a179-4b8a-aa4c-40f71956ebbc">
      <id>4</id>
      <classname>org.openmrs.RelationshipType</classname>
      <dateChanged id="12">2018-10-10 08:50:47</dateChanged>
      <retired>true</retired>
    </org.openmrs.module.metadatasharing.Item>
  </items>
  <relatedItems class="linked-hash-set" id="13"/>
</package>
