<?xml version="1.0" encoding="UTF-8"?>
<list id="1">
  <org.openmrs.RelationshipType id="2" uuid="03ecf59a-4c7a-11e5-9192-080027b662ec">
    <description>Relationship from a primary care provider to the patient</description>
    <creator/>
    <dateCreated id="3">2015-08-27 10:41:04</dateCreated>
    <changedBy/>
    <dateChanged id="4">2018-10-10 08:50:26</dateChanged>
    <retired>true</retired>
    <dateRetired id="5">2018-10-10 08:50:26</dateRetired>
    <retiredBy/>
    <retireReason>NOT USED</retireReason>
    <relationshipTypeId>1</relationshipTypeId>
    <aIsToB>Doctor</aIsToB>
    <bIsToA>Patient</bIsToA>
    <weight>0</weight>
    <preferred>false</preferred>
  </org.openmrs.RelationshipType>
  <org.openmrs.RelationshipType id="6" uuid="03ed3084-4c7a-11e5-9192-080027b662ec">
    <description>Relationship between brother/sister, brother/brother, and sister/sister</description>
    <creator/>
    <dateCreated id="7">2015-08-27 10:41:04</dateCreated>
    <changedBy/>
    <dateChanged id="8">2018-10-10 08:50:33</dateChanged>
    <retired>true</retired>
    <dateRetired id="9">2018-10-10 08:50:33</dateRetired>
    <retiredBy/>
    <retireReason>NOT USED</retireReason>
    <relationshipTypeId>2</relationshipTypeId>
    <aIsToB>Sibling</aIsToB>
    <bIsToA>Sibling</bIsToA>
    <weight>0</weight>
    <preferred>false</preferred>
  </org.openmrs.RelationshipType>
  <org.openmrs.RelationshipType id="10" uuid="03ed79c5-4c7a-11e5-9192-080027b662ec">
    <description>Relationship from a mother/father to the child</description>
    <creator/>
    <dateCreated id="11">2015-08-27 10:41:04</dateCreated>
    <changedBy/>
    <dateChanged id="12">2018-10-10 08:50:39</dateChanged>
    <retired>true</retired>
    <dateRetired id="13">2018-10-10 08:50:39</dateRetired>
    <retiredBy/>
    <retireReason>NOT USED</retireReason>
    <relationshipTypeId>3</relationshipTypeId>
    <aIsToB>Parent</aIsToB>
    <bIsToA>Child</bIsToA>
    <weight>0</weight>
    <preferred>false</preferred>
  </org.openmrs.RelationshipType>
  <org.openmrs.RelationshipType id="14" uuid="2a5f4ff4-a179-4b8a-aa4c-40f71956ebbc">
    <description>Provider supervisor to provider supervisee relationship</description>
    <creator/>
    <dateCreated id="15">2017-01-01 22:27:37</dateCreated>
    <changedBy/>
    <dateChanged id="16">2018-10-10 08:50:47</dateChanged>
    <retired>true</retired>
    <dateRetired id="17">2018-10-10 08:50:47</dateRetired>
    <retiredBy/>
    <retireReason>NOT USED</retireReason>
    <relationshipTypeId>4</relationshipTypeId>
    <aIsToB>Supervisor</aIsToB>
    <bIsToA>Supervisee</bIsToA>
    <weight>0</weight>
    <preferred>false</preferred>
  </org.openmrs.RelationshipType>
</list>
