<?xml version="1.0" encoding="UTF-8"?>
<package id="1" uuid="78e5bc55-10ad-4009-ad65-9b42e8acbbf0">
  <dateCreated id="2">2020-12-10 12:42:49</dateCreated>
  <name>VisitTypes</name>
  <description>Haiti Visit types</description>
  <openmrsVersion>2.1.1 SNAPSHOT Build 3a42fe</openmrsVersion>
  <version>1</version>
  <groupUuid>b2fb896f-91b7-415a-b551-74034434ad01</groupUuid>
  <modules id="3">
    <entry>
      <string>calculation</string>
      <string>1.2</string>
    </entry>
    <entry>
      <string>legacyui</string>
      <string>1.3.3</string>
    </entry>
    <entry>
      <string>metadatasharing</string>
      <string>1.2.2</string>
    </entry>
    <entry>
      <string>elisatomfeedclient</string>
      <string>0.92-SNAPSHOT</string>
    </entry>
    <entry>
      <string>bedmanagement</string>
      <string>5.11.0</string>
    </entry>
    <entry>
      <string>providermanagement</string>
      <string>2.5.0</string>
    </entry>
    <entry>
      <string>exti18n</string>
      <string>1.0.0</string>
    </entry>
    <entry>
      <string>bacteriology</string>
      <string>1.2.0</string>
    </entry>
    <entry>
      <string>htmlwidgets</string>
      <string>1.8.0</string>
    </entry>
    <entry>
      <string>reference-data</string>
      <string>0.93-SNAPSHOT</string>
    </entry>
    <entry>
      <string>operationtheater</string>
      <string>1.2.1</string>
    </entry>
    <entry>
      <string>addresshierarchy</string>
      <string>2.12.0</string>
    </entry>
    <entry>
      <string>reportingrest</string>
      <string>1.10.0</string>
    </entry>
    <entry>
      <string>uiframework</string>
      <string>3.8</string>
    </entry>
    <entry>
      <string>rulesengine</string>
      <string>0.91-SNAPSHOT</string>
    </entry>
    <entry>
      <string>idgen-webservices</string>
      <string>1.3-SNAPSHOT</string>
    </entry>
    <entry>
      <string>event</string>
      <string>2.5</string>
    </entry>
    <entry>
      <string>uicommons</string>
      <string>2.3.0</string>
    </entry>
    <entry>
      <string>reporting</string>
      <string>1.16.0</string>
    </entry>
    <entry>
      <string>emrapi</string>
      <string>1.24.5</string>
    </entry>
    <entry>
      <string>episodes</string>
      <string>1.0-SNAPSHOT</string>
    </entry>
    <entry>
      <string>erp</string>
      <string>1.0.0</string>
    </entry>
    <entry>
      <string>appointments</string>
      <string>1.2.1</string>
    </entry>
    <entry>
      <string>idgen</string>
      <string>4.4.1</string>
    </entry>
    <entry>
      <string>auditlog</string>
      <string>1.1-SNAPSHOT</string>
    </entry>
    <entry>
      <string>bahmnicore</string>
      <string>0.93-SNAPSHOT</string>
    </entry>
    <entry>
      <string>uilibrary</string>
      <string>2.0.5</string>
    </entry>
    <entry>
      <string>initializer</string>
      <string>2.1.0-SNAPSHOT</string>
    </entry>
    <entry>
      <string>appframework</string>
      <string>2.10.0</string>
    </entry>
    <entry>
      <string>webservices.rest</string>
      <string>2.24.0.573609</string>
    </entry>
    <entry>
      <string>openmrs-atomfeed</string>
      <string>2.5.6</string>
    </entry>
    <entry>
      <string>owa</string>
      <string>1.9.0</string>
    </entry>
    <entry>
      <string>metadatamapping</string>
      <string>1.3.1</string>
    </entry>
    <entry>
      <string>bahmni.ie.apps</string>
      <string>1.1.0-629dc24</string>
    </entry>
    <entry>
      <string>serialization.xstream</string>
      <string>0.2.12</string>
    </entry>
  </modules>
  <items class="linked-hash-set" id="4">
    <org.openmrs.module.metadatasharing.Item id="5" uuid="35ba9aff-901c-49dc-8630-a59385480d18">
      <id>4</id>
      <classname>org.openmrs.VisitType</classname>
      <dateChanged id="6">2020-11-19 19:23:36</dateChanged>
      <retired>false</retired>
    </org.openmrs.module.metadatasharing.Item>
    <org.openmrs.module.metadatasharing.Item id="7" uuid="91c6bdce-3b92-42a2-9fa8-6ef6b169c4b2">
      <id>5</id>
      <classname>org.openmrs.VisitType</classname>
      <dateChanged id="8">2020-11-19 19:23:52</dateChanged>
      <retired>false</retired>
    </org.openmrs.module.metadatasharing.Item>
    <org.openmrs.module.metadatasharing.Item id="9" uuid="a631dbbc-daa4-48aa-8fe4-3b5784360ab1">
      <id>6</id>
      <classname>org.openmrs.VisitType</classname>
      <dateChanged id="10">2020-10-25 19:50:02</dateChanged>
      <retired>false</retired>
    </org.openmrs.module.metadatasharing.Item>
    <org.openmrs.module.metadatasharing.Item id="11" uuid="ad29e858-68a1-44eb-ae62-94157a8a52b0">
      <id>7</id>
      <classname>org.openmrs.VisitType</classname>
      <dateChanged id="12">2020-11-17 10:37:35</dateChanged>
      <retired>false</retired>
    </org.openmrs.module.metadatasharing.Item>
    <org.openmrs.module.metadatasharing.Item id="13" uuid="b9ba7b27-e64b-44d1-b4c5-2ced77f477d0">
      <id>8</id>
      <classname>org.openmrs.VisitType</classname>
      <dateChanged id="14">2020-11-19 19:24:07</dateChanged>
      <retired>false</retired>
    </org.openmrs.module.metadatasharing.Item>
    <org.openmrs.module.metadatasharing.Item id="15" uuid="c4643116-8a61-499f-b62b-ff9375db0b7d">
      <id>9</id>
      <classname>org.openmrs.VisitType</classname>
      <dateChanged id="16">2020-11-19 19:24:22</dateChanged>
      <retired>false</retired>
    </org.openmrs.module.metadatasharing.Item>
    <org.openmrs.module.metadatasharing.Item id="17" uuid="f0bf213c-3ae1-11eb-b3be-0242ac170008">
      <id>3</id>
      <classname>org.openmrs.VisitType</classname>
      <dateChanged id="18">2020-12-10 12:42:28</dateChanged>
      <retired>true</retired>
    </org.openmrs.module.metadatasharing.Item>
  </items>
  <relatedItems class="linked-hash-set" id="19"/>
</package>
