<?xml version="1.0" encoding="UTF-8"?>
<list id="1">
  <org.openmrs.VisitType id="2" uuid="52c073cf-bfc9-4402-bf12-09f5d0595263">
    <name>Prénatal</name>
    <description>Prénatal Visit</description>
    <creator/>
    <dateCreated id="3">2020-10-22 10:59:15</dateCreated>
    <retired>false</retired>
    <visitTypeId>3</visitTypeId>
  </org.openmrs.VisitType>
  <org.openmrs.VisitType id="4" uuid="b8b5d345-665c-47ec-95f5-d2f70459070e">
    <name>Vaccination infantile</name>
    <description>Paediatric Vaccination Visit</description>
    <creator/>
    <dateCreated id="5">2020-10-22 11:00:30</dateCreated>
    <changedBy/>
    <dateChanged id="6">2020-10-22 11:01:31</dateChanged>
    <retired>false</retired>
    <visitTypeId>5</visitTypeId>
  </org.openmrs.VisitType>
  <org.openmrs.VisitType id="7" uuid="b8e59ff1-3dc8-41b1-9ac3-8631814c379e">
    <name>Planification familiale</name>
    <description>Family Planning Visit</description>
    <creator/>
    <dateCreated id="8">2020-10-22 11:00:08</dateCreated>
    <retired>false</retired>
    <visitTypeId>4</visitTypeId>
  </org.openmrs.VisitType>
  <org.openmrs.VisitType id="9" uuid="ccfad06b-b76e-487e-b80b-89e3dae4d8dc">
    <name>Malnutrition</name>
    <description>Malnutrition Visit</description>
    <creator/>
    <dateCreated id="10">2020-10-22 11:00:50</dateCreated>
    <retired>false</retired>
    <visitTypeId>6</visitTypeId>
  </org.openmrs.VisitType>
  <org.openmrs.VisitType id="11" uuid="e15197d4-c61a-4f91-ab9d-16c6419b57b7">
    <name>Général</name>
    <description>Général Visit</description>
    <creator/>
    <dateCreated id="12">2020-10-22 11:01:09</dateCreated>
    <retired>false</retired>
    <visitTypeId>7</visitTypeId>
  </org.openmrs.VisitType>
</list>
