<?xml version="1.0" encoding="UTF-8"?>
<list id="1">
  <org.openmrs.VisitType id="2" uuid="35ba9aff-901c-49dc-8630-a59385480d18">
    <name>Prenatal</name>
    <description>Prenatal Visit</description>
    <creator/>
    <dateCreated id="3">2020-10-25 19:49:03</dateCreated>
    <retired>false</retired>
    <visitTypeId>8</visitTypeId>
  </org.openmrs.VisitType>
  <org.openmrs.VisitType id="4" uuid="91c6bdce-3b92-42a2-9fa8-6ef6b169c4b2">
    <name>Infant Vaccination</name>
    <description>Infant Vaccination Visit</description>
    <creator/>
    <dateCreated id="5">2020-10-25 19:49:45</dateCreated>
    <retired>false</retired>
    <visitTypeId>10</visitTypeId>
  </org.openmrs.VisitType>
  <org.openmrs.VisitType id="6" uuid="a631dbbc-daa4-48aa-8fe4-3b5784360ab1">
    <name>Malnutrition</name>
    <description>Malnutrition Visit</description>
    <creator/>
    <dateCreated id="7">2020-10-25 19:50:02</dateCreated>
    <retired>false</retired>
    <visitTypeId>11</visitTypeId>
  </org.openmrs.VisitType>
  <org.openmrs.VisitType id="8" uuid="b9ba7b27-e64b-44d1-b4c5-2ced77f477d0">
    <name>General</name>
    <description>General Visit</description>
    <creator/>
    <dateCreated id="9">2020-10-25 19:50:18</dateCreated>
    <retired>false</retired>
    <visitTypeId>12</visitTypeId>
  </org.openmrs.VisitType>
  <org.openmrs.VisitType id="10" uuid="c4643116-8a61-499f-b62b-ff9375db0b7d">
    <name>Family Planning</name>
    <description>Family Planning Visit</description>
    <creator/>
    <dateCreated id="11">2020-10-25 19:49:24</dateCreated>
    <retired>false</retired>
    <visitTypeId>9</visitTypeId>
  </org.openmrs.VisitType>
</list>
