<?xml version="1.0" encoding="UTF-8"?>
<list id="1">
  <org.openmrs.VisitType id="2" uuid="35ba9aff-901c-49dc-8630-a59385480d18">
    <name>Prénatal</name>
    <description>Prenatal Visit</description>
    <creator/>
    <dateCreated id="3">2020-10-25 19:49:03</dateCreated>
    <dateChanged id="4">2020-11-19 19:23:36</dateChanged>
    <retired>false</retired>
    <visitTypeId>4</visitTypeId>
  </org.openmrs.VisitType>
  <org.openmrs.VisitType id="5" uuid="91c6bdce-3b92-42a2-9fa8-6ef6b169c4b2">
    <name>Vaccination infantile</name>
    <description>Infant Vaccination Visit</description>
    <creator/>
    <dateCreated id="6">2020-10-25 19:49:45</dateCreated>
    <dateChanged id="7">2020-11-19 19:23:52</dateChanged>
    <retired>false</retired>
    <visitTypeId>5</visitTypeId>
  </org.openmrs.VisitType>
  <org.openmrs.VisitType id="8" uuid="a631dbbc-daa4-48aa-8fe4-3b5784360ab1">
    <name>Malnutrition</name>
    <description>Malnutrition Visit</description>
    <creator/>
    <dateCreated id="9">2020-10-25 19:50:02</dateCreated>
    <retired>false</retired>
    <visitTypeId>6</visitTypeId>
  </org.openmrs.VisitType>
  <org.openmrs.VisitType id="10" uuid="ad29e858-68a1-44eb-ae62-94157a8a52b0">
    <name>TB</name>
    <description>TB Visit</description>
    <creator/>
    <dateCreated id="11">2020-11-17 10:37:35</dateCreated>
    <retired>false</retired>
    <visitTypeId>7</visitTypeId>
  </org.openmrs.VisitType>
  <org.openmrs.VisitType id="12" uuid="b9ba7b27-e64b-44d1-b4c5-2ced77f477d0">
    <name>Général</name>
    <description>General Visit</description>
    <creator/>
    <dateCreated id="13">2020-10-25 19:50:18</dateCreated>
    <dateChanged id="14">2020-11-19 19:24:07</dateChanged>
    <retired>false</retired>
    <visitTypeId>8</visitTypeId>
  </org.openmrs.VisitType>
  <org.openmrs.VisitType id="15" uuid="c4643116-8a61-499f-b62b-ff9375db0b7d">
    <name>Planification familiale</name>
    <description>Family Planning Visit</description>
    <creator/>
    <dateCreated id="16">2020-10-25 19:49:24</dateCreated>
    <dateChanged id="17">2020-11-19 19:24:22</dateChanged>
    <retired>false</retired>
    <visitTypeId>9</visitTypeId>
  </org.openmrs.VisitType>
  <org.openmrs.VisitType id="18" uuid="f0bf213c-3ae1-11eb-b3be-0242ac170008">
    <name>LAB VISIT</name>
    <description>Visits for lab visit by patient when the tests are not ordered through OpenMRS</description>
    <creator/>
    <dateCreated id="19">2020-12-10 00:00:00</dateCreated>
    <changedBy/>
    <dateChanged id="20">2020-12-10 12:42:28</dateChanged>
    <retired>true</retired>
    <dateRetired id="21">2020-12-10 12:42:28</dateRetired>
    <retiredBy/>
    <retireReason>Unnecessary</retireReason>
    <visitTypeId>3</visitTypeId>
  </org.openmrs.VisitType>
</list>
