<?xml version="1.0" encoding="UTF-8"?>
<package id="1" uuid="649ef242-b4cb-4b7d-9364-1259eb977253">
  <dateCreated id="2">2020-09-16 07:43:16</dateCreated>
  <name>Visit Types</name>
  <description>Visit types exported</description>
  <openmrsVersion>2.1.1 SNAPSHOT Build 3a42fe</openmrsVersion>
  <version>1</version>
  <groupUuid>bd06344a-93a2-4bb2-a12c-c44364d12ece</groupUuid>
  <modules id="3">
    <entry>
      <string>calculation</string>
      <string>1.2</string>
    </entry>
    <entry>
      <string>legacyui</string>
      <string>1.3.3</string>
    </entry>
    <entry>
      <string>metadatasharing</string>
      <string>1.2.2</string>
    </entry>
    <entry>
      <string>bedmanagement</string>
      <string>5.11.0</string>
    </entry>
    <entry>
      <string>providermanagement</string>
      <string>2.5.0</string>
    </entry>
    <entry>
      <string>exti18n</string>
      <string>1.0.0</string>
    </entry>
    <entry>
      <string>bacteriology</string>
      <string>1.2.0</string>
    </entry>
    <entry>
      <string>htmlwidgets</string>
      <string>1.8.0</string>
    </entry>
    <entry>
      <string>reference-data</string>
      <string>0.93-SNAPSHOT</string>
    </entry>
    <entry>
      <string>operationtheater</string>
      <string>1.2.1</string>
    </entry>
    <entry>
      <string>addresshierarchy</string>
      <string>2.12.0</string>
    </entry>
    <entry>
      <string>reportingrest</string>
      <string>1.10.0</string>
    </entry>
    <entry>
      <string>uiframework</string>
      <string>3.8</string>
    </entry>
    <entry>
      <string>rulesengine</string>
      <string>0.91-SNAPSHOT</string>
    </entry>
    <entry>
      <string>idgen-webservices</string>
      <string>1.3-SNAPSHOT</string>
    </entry>
    <entry>
      <string>event</string>
      <string>2.5</string>
    </entry>
    <entry>
      <string>uicommons</string>
      <string>2.3.0</string>
    </entry>
    <entry>
      <string>reporting</string>
      <string>1.16.0</string>
    </entry>
    <entry>
      <string>emrapi</string>
      <string>1.24.5</string>
    </entry>
    <entry>
      <string>episodes</string>
      <string>1.0-SNAPSHOT</string>
    </entry>
    <entry>
      <string>appointments</string>
      <string>1.2.1</string>
    </entry>
    <entry>
      <string>idgen</string>
      <string>4.4.1</string>
    </entry>
    <entry>
      <string>auditlog</string>
      <string>1.1-SNAPSHOT</string>
    </entry>
    <entry>
      <string>bahmnicore</string>
      <string>0.93-SNAPSHOT</string>
    </entry>
    <entry>
      <string>uilibrary</string>
      <string>2.0.5</string>
    </entry>
    <entry>
      <string>initializer</string>
      <string>2.1.0-SNAPSHOT</string>
    </entry>
    <entry>
      <string>appframework</string>
      <string>2.10.0</string>
    </entry>
    <entry>
      <string>webservices.rest</string>
      <string>2.24.0.573609</string>
    </entry>
    <entry>
      <string>openmrs-atomfeed</string>
      <string>2.5.6</string>
    </entry>
    <entry>
      <string>owa</string>
      <string>1.9.0</string>
    </entry>
    <entry>
      <string>metadatamapping</string>
      <string>1.3.1</string>
    </entry>
    <entry>
      <string>bahmni.ie.apps</string>
      <string>1.1.0-SNAPSHOT</string>
    </entry>
    <entry>
      <string>serialization.xstream</string>
      <string>0.2.12</string>
    </entry>
  </modules>
  <items class="linked-hash-set" id="4">
    <org.openmrs.module.metadatasharing.Item id="5" uuid="b9cb32c9-3f12-11e4-adec-0800271c1b75">
      <id>7</id>
      <classname>org.openmrs.VisitType</classname>
      <dateChanged id="6">2019-05-03 14:18:43</dateChanged>
      <retired>true</retired>
    </org.openmrs.module.metadatasharing.Item>
    <org.openmrs.module.metadatasharing.Item id="7" uuid="e77338b2-ef2c-42a9-a393-7ee2c7b075d9">
      <id>4</id>
      <classname>org.openmrs.VisitType</classname>
      <dateChanged id="8">2020-08-19 11:06:28</dateChanged>
      <retired>false</retired>
    </org.openmrs.module.metadatasharing.Item>
    <org.openmrs.module.metadatasharing.Item id="9" uuid="1ecec434-34b1-48b9-bcd4-92fcdee84211">
      <id>16</id>
      <classname>org.openmrs.VisitType</classname>
      <dateChanged id="10">2020-09-16 07:42:58</dateChanged>
      <retired>false</retired>
    </org.openmrs.module.metadatasharing.Item>
    <org.openmrs.module.metadatasharing.Item id="11" uuid="c22a5000-3f10-11e4-adec-0800271c1b75">
      <id>13</id>
      <classname>org.openmrs.VisitType</classname>
      <dateChanged id="12">2019-05-03 14:16:45</dateChanged>
      <retired>true</retired>
    </org.openmrs.module.metadatasharing.Item>
    <org.openmrs.module.metadatasharing.Item id="13" uuid="c228eab1-3f10-11e4-adec-0800271c1b75">
      <id>15</id>
      <classname>org.openmrs.VisitType</classname>
      <dateChanged id="14">2019-05-03 14:16:20</dateChanged>
      <retired>true</retired>
    </org.openmrs.module.metadatasharing.Item>
    <org.openmrs.module.metadatasharing.Item id="15" uuid="bef32e14-3f12-11e4-adec-0800271c1b75">
      <id>8</id>
      <classname>org.openmrs.VisitType</classname>
      <dateChanged id="16">2019-05-03 14:19:04</dateChanged>
      <retired>true</retired>
    </org.openmrs.module.metadatasharing.Item>
    <org.openmrs.module.metadatasharing.Item id="17" uuid="c23d6c9d-3f10-11e4-adec-0800271c1b75">
      <id>9</id>
      <classname>org.openmrs.VisitType</classname>
      <dateChanged id="18">2019-05-03 14:17:46</dateChanged>
      <retired>true</retired>
    </org.openmrs.module.metadatasharing.Item>
    <org.openmrs.module.metadatasharing.Item id="19" uuid="4be5a558-03f0-4603-a34c-99589b3b7b18">
      <id>3</id>
      <classname>org.openmrs.VisitType</classname>
      <dateChanged id="20">2020-08-19 11:07:06</dateChanged>
      <retired>false</retired>
    </org.openmrs.module.metadatasharing.Item>
    <org.openmrs.module.metadatasharing.Item id="21" uuid="4f88391b-ab43-4fd1-b558-68604a869ee7">
      <id>5</id>
      <classname>org.openmrs.VisitType</classname>
      <dateChanged id="22">2020-08-19 11:07:23</dateChanged>
      <retired>false</retired>
    </org.openmrs.module.metadatasharing.Item>
    <org.openmrs.module.metadatasharing.Item id="23" uuid="c2402997-3f10-11e4-adec-0800271c1b75">
      <id>10</id>
      <classname>org.openmrs.VisitType</classname>
      <dateChanged id="24">2019-05-03 14:18:05</dateChanged>
      <retired>true</retired>
    </org.openmrs.module.metadatasharing.Item>
    <org.openmrs.module.metadatasharing.Item id="25" uuid="31430557-c76b-466a-aaa6-60c05ee7808f">
      <id>11</id>
      <classname>org.openmrs.VisitType</classname>
      <dateChanged id="26">2019-05-03 14:23:29</dateChanged>
      <retired>false</retired>
    </org.openmrs.module.metadatasharing.Item>
    <org.openmrs.module.metadatasharing.Item id="27" uuid="f594341a-08a0-4d2c-bb3f-17474f86d2b4">
      <id>12</id>
      <classname>org.openmrs.VisitType</classname>
      <dateChanged id="28">2019-05-03 14:21:52</dateChanged>
      <retired>false</retired>
    </org.openmrs.module.metadatasharing.Item>
    <org.openmrs.module.metadatasharing.Item id="29" uuid="df9e6056-a2fe-4d62-a72a-93682e4b6e0d">
      <id>14</id>
      <classname>org.openmrs.VisitType</classname>
      <dateChanged id="30">2019-05-03 14:22:23</dateChanged>
      <retired>false</retired>
    </org.openmrs.module.metadatasharing.Item>
    <org.openmrs.module.metadatasharing.Item id="31" uuid="c86a1bb8-6374-4890-87d3-6e4d614f104a">
      <id>6</id>
      <classname>org.openmrs.VisitType</classname>
      <dateChanged id="32">2020-08-19 11:07:44</dateChanged>
      <retired>false</retired>
    </org.openmrs.module.metadatasharing.Item>
  </items>
  <relatedItems class="linked-hash-set" id="33"/>
</package>
