<?xml version="1.0" encoding="UTF-8"?>
<list id="1">
  <org.openmrs.VisitType id="2" uuid="b9cb32c9-3f12-11e4-adec-0800271c1b75">
    <name>PHARMACY VISIT</name>
    <description>Visit for syncing sale orders from pharmacy</description>
    <creator/>
    <dateCreated id="3">2014-09-18 04:00:00</dateCreated>
    <changedBy/>
    <dateChanged id="4">2019-05-03 14:18:43</dateChanged>
    <retired>true</retired>
    <dateRetired id="5">2019-05-03 14:18:43</dateRetired>
    <retiredBy/>
    <retireReason>replaced</retireReason>
    <visitTypeId>7</visitTypeId>
  </org.openmrs.VisitType>
  <org.openmrs.VisitType id="6" uuid="bef32e14-3f12-11e4-adec-0800271c1b75">
    <name>LAB VISIT</name>
    <description>Visits for lab visit by patient when the tests are not ordered through OpenMRS</description>
    <creator/>
    <dateCreated id="7">2014-09-18 04:00:00</dateCreated>
    <changedBy/>
    <dateChanged id="8">2019-05-03 14:19:04</dateChanged>
    <retired>true</retired>
    <dateRetired id="9">2019-05-03 14:19:04</dateRetired>
    <retiredBy/>
    <retireReason>replaced</retireReason>
    <visitTypeId>8</visitTypeId>
  </org.openmrs.VisitType>
  <org.openmrs.VisitType id="10" uuid="c23d6c9d-3f10-11e4-adec-0800271c1b75">
    <name>Special OPD</name>
    <description>Visit for patients coming for Dental, Spine, Skin etc</description>
    <creator/>
    <dateCreated id="11">2014-09-18 18:19:53</dateCreated>
    <changedBy/>
    <dateChanged id="12">2019-05-03 14:17:46</dateChanged>
    <retired>true</retired>
    <dateRetired id="13">2019-05-03 14:17:46</dateRetired>
    <retiredBy/>
    <retireReason>replaced</retireReason>
    <visitTypeId>5</visitTypeId>
  </org.openmrs.VisitType>
  <org.openmrs.VisitType id="14" uuid="c2402997-3f10-11e4-adec-0800271c1b75">
    <name>EMERGENCY</name>
    <description>Emergency patient visit</description>
    <creator/>
    <dateCreated id="15">2014-09-18 18:19:53</dateCreated>
    <changedBy/>
    <dateChanged id="16">2019-05-03 14:18:05</dateChanged>
    <retired>true</retired>
    <dateRetired id="17">2019-05-03 14:18:05</dateRetired>
    <retiredBy/>
    <retireReason>replaced</retireReason>
    <visitTypeId>6</visitTypeId>
  </org.openmrs.VisitType>
  <org.openmrs.VisitType id="18" uuid="31430557-c76b-466a-aaa6-60c05ee7808f">
    <name>Emergency</name>
    <description>Emergency patient visit</description>
    <creator/>
    <dateCreated id="19">2019-05-03 14:23:29</dateCreated>
    <retired>false</retired>
    <visitTypeId>11</visitTypeId>
  </org.openmrs.VisitType>
  <org.openmrs.VisitType id="20" uuid="f594341a-08a0-4d2c-bb3f-17474f86d2b4">
    <name>Outpatient</name>
    <description>Visit for patients coming for OPD</description>
    <creator/>
    <dateCreated id="21">2019-05-03 14:21:52</dateCreated>
    <retired>false</retired>
    <visitTypeId>10</visitTypeId>
  </org.openmrs.VisitType>
  <org.openmrs.VisitType id="22" uuid="c22a5000-3f10-11e4-adec-0800271c1b75">
    <name>OPD</name>
    <description>Visit for patients coming for OPD</description>
    <creator/>
    <dateCreated id="23">2014-09-18 18:19:53</dateCreated>
    <changedBy/>
    <dateChanged id="24">2019-05-03 14:16:45</dateChanged>
    <retired>true</retired>
    <dateRetired id="25">2019-05-03 14:16:45</dateRetired>
    <retiredBy/>
    <retireReason>replaced</retireReason>
    <visitTypeId>4</visitTypeId>
  </org.openmrs.VisitType>
  <org.openmrs.VisitType id="26" uuid="df9e6056-a2fe-4d62-a72a-93682e4b6e0d">
    <name>Inpatient</name>
    <description>Visit for patients been admitted</description>
    <creator/>
    <dateCreated id="27">2019-05-03 14:20:28</dateCreated>
    <changedBy/>
    <dateChanged id="28">2019-05-03 14:22:23</dateChanged>
    <retired>false</retired>
    <visitTypeId>9</visitTypeId>
  </org.openmrs.VisitType>
  <org.openmrs.VisitType id="29" uuid="c228eab1-3f10-11e4-adec-0800271c1b75">
    <name>IPD</name>
    <description>Visit for patients being admitted</description>
    <creator/>
    <dateCreated id="30">2014-09-18 18:19:53</dateCreated>
    <changedBy/>
    <dateChanged id="31">2019-05-03 14:16:20</dateChanged>
    <retired>true</retired>
    <dateRetired id="32">2019-05-03 14:16:20</dateRetired>
    <retiredBy/>
    <retireReason>replaced</retireReason>
    <visitTypeId>3</visitTypeId>
  </org.openmrs.VisitType>
</list>
