<?xml version="1.0" encoding="UTF-8"?>
<list id="1">
  <org.openmrs.RelationshipType id="2" uuid="03ecf59a-4c7a-11e5-9192-080027b662ec">
    <description>Relationship from a primary care provider to the patient</description>
    <creator/>
    <dateCreated id="3">2015-08-27 02:41:04</dateCreated>
    <changedBy/>
    <dateChanged id="4">2020-01-16 09:44:23</dateChanged>
    <retired>true</retired>
    <dateRetired id="5">2020-01-16 09:30:35</dateRetired>
    <retiredBy/>
    <retireReason>Not used</retireReason>
    <relationshipTypeId>1</relationshipTypeId>
    <aIsToB>Doctor</aIsToB>
    <bIsToA>Patient</bIsToA>
    <weight>0</weight>
    <preferred>false</preferred>
  </org.openmrs.RelationshipType>
  <org.openmrs.RelationshipType id="6" uuid="03ed3084-4c7a-11e5-9192-080027b662ec">
    <description>Relationship between brother/sister, brother/brother, and sister/sister</description>
    <creator/>
    <dateCreated id="7">2015-08-27 02:41:04</dateCreated>
    <changedBy/>
    <dateChanged id="8">2020-01-16 11:04:14</dateChanged>
    <retired>false</retired>
    <relationshipTypeId>2</relationshipTypeId>
    <aIsToB>Fraterie</aIsToB>
    <bIsToA>Fraterie</bIsToA>
    <weight>0</weight>
    <preferred>false</preferred>
  </org.openmrs.RelationshipType>
  <org.openmrs.RelationshipType id="9" uuid="03ed79c5-4c7a-11e5-9192-080027b662ec">
    <description>Relationship from a mother/father to the child</description>
    <creator/>
    <dateCreated id="10">2015-08-27 02:41:04</dateCreated>
    <changedBy/>
    <dateChanged id="11">2020-01-16 11:04:39</dateChanged>
    <retired>false</retired>
    <relationshipTypeId>3</relationshipTypeId>
    <aIsToB>Parent</aIsToB>
    <bIsToA>Enfant</bIsToA>
    <weight>0</weight>
    <preferred>false</preferred>
  </org.openmrs.RelationshipType>
  <org.openmrs.RelationshipType id="12" uuid="2a5f4ff4-a179-4b8a-aa4c-40f71956ebbc">
    <description>Provider supervisor to provider supervisee relationship</description>
    <creator/>
    <dateCreated id="13">2017-01-01 14:27:37</dateCreated>
    <changedBy/>
    <dateChanged id="14">2020-01-16 09:44:23</dateChanged>
    <retired>true</retired>
    <dateRetired id="15">2020-01-16 09:30:44</dateRetired>
    <retiredBy/>
    <retireReason>Not used</retireReason>
    <relationshipTypeId>4</relationshipTypeId>
    <aIsToB>Supervisor</aIsToB>
    <bIsToA>Supervisee</bIsToA>
    <weight>0</weight>
    <preferred>false</preferred>
  </org.openmrs.RelationshipType>
  <org.openmrs.RelationshipType id="16" uuid="7fda7216-ea36-4960-baf1-8bcb25596f10">
    <description>Husband or Wife</description>
    <creator/>
    <dateCreated id="17">2020-01-16 09:30:09</dateCreated>
    <changedBy/>
    <dateChanged id="18">2020-01-16 11:05:08</dateChanged>
    <retired>false</retired>
    <relationshipTypeId>6</relationshipTypeId>
    <aIsToB>Conjoint(e)</aIsToB>
    <bIsToA>Conjoint(e)</bIsToA>
    <weight>0</weight>
    <preferred>false</preferred>
  </org.openmrs.RelationshipType>
</list>
