<?xml version="1.0" encoding="UTF-8"?>
<list id="1">
  <org.openmrs.PatientIdentifierType id="2" uuid="0d2ac572-8de3-46c8-9976-1f78899c599f">
    <name>National ID</name>
    <description>National ID</description>
    <creator/>
    <dateCreated id="3">2016-11-10 12:03:26</dateCreated>
    <changedBy/>
    <dateChanged id="4">2019-02-04 15:19:57</dateChanged>
    <retired>true</retired>
    <dateRetired id="5">2018-10-08 04:06:14</dateRetired>
    <retiredBy/>
    <retireReason>NOT USED</retireReason>
    <patientIdentifierTypeId>4</patientIdentifierTypeId>
    <required>false</required>
    <checkDigit>false</checkDigit>
    <locationBehavior>NOT_USED</locationBehavior>
  </org.openmrs.PatientIdentifierType>
  <org.openmrs.PatientIdentifierType id="6" uuid="81433852-3f10-11e4-adec-0800271c1b75">
    <name>Patient Identifier</name>
    <description>New patient identifier type created for use by the Bahmni Registration System</description>
    <creator/>
    <dateCreated id="7">2014-09-18 00:00:00</dateCreated>
    <changedBy/>
    <dateChanged id="8">2019-02-04 15:19:57</dateChanged>
    <retired>true</retired>
    <dateRetired id="9">2018-10-08 03:43:32</dateRetired>
    <retiredBy/>
    <retireReason>NOT USED</retireReason>
    <patientIdentifierTypeId>3</patientIdentifierTypeId>
    <required>true</required>
    <checkDigit>false</checkDigit>
    <locationBehavior>NOT_USED</locationBehavior>
  </org.openmrs.PatientIdentifierType>
  <org.openmrs.PatientIdentifierType id="10" uuid="8d793bee-c2cc-11de-8d13-0010c6dffd0f">
    <name>OpenMRS ID</name>
    <description>Unique number used in OpenMRS</description>
    <creator/>
    <dateCreated id="11">2005-09-22 00:00:00</dateCreated>
    <changedBy/>
    <dateChanged id="12">2019-02-04 15:19:57</dateChanged>
    <retired>true</retired>
    <dateRetired id="13">2018-10-09 05:51:54</dateRetired>
    <retiredBy/>
    <retireReason>NOT USED</retireReason>
    <patientIdentifierTypeId>1</patientIdentifierTypeId>
    <format>[0-9]{7}</format>
    <required>false</required>
    <checkDigit>false</checkDigit>
  </org.openmrs.PatientIdentifierType>
  <org.openmrs.PatientIdentifierType id="14" uuid="8d79403a-c2cc-11de-8d13-0010c6dffd0f">
    <name>Old Identification Number</name>
    <description>Number given out prior to the OpenMRS system (No check digit)</description>
    <creator/>
    <dateCreated id="15">2005-09-22 00:00:00</dateCreated>
    <changedBy/>
    <dateChanged id="16">2019-02-04 15:19:57</dateChanged>
    <retired>true</retired>
    <dateRetired id="17">2018-10-07 18:53:33</dateRetired>
    <retiredBy/>
    <retireReason>NOT USED</retireReason>
    <patientIdentifierTypeId>2</patientIdentifierTypeId>
    <required>false</required>
    <checkDigit>false</checkDigit>
  </org.openmrs.PatientIdentifierType>
  <org.openmrs.PatientIdentifierType id="18" uuid="b303f207-a094-457f-9833-f1cdc7b5d184">
    <name>Numéro Dossier</name>
    <description>Unique number used in HSC</description>
    <creator/>
    <dateCreated id="19">2018-10-09 04:58:49</dateCreated>
    <changedBy/>
    <dateChanged id="20">2019-02-04 15:19:57</dateChanged>
    <retired>false</retired>
    <patientIdentifierTypeId>5</patientIdentifierTypeId>
    <format>[0-9]{7}</format>
    <required>false</required>
    <checkDigit>false</checkDigit>
    <locationBehavior>NOT_USED</locationBehavior>
    <uniquenessBehavior>UNIQUE</uniquenessBehavior>
  </org.openmrs.PatientIdentifierType>
  <org.openmrs.PatientIdentifierType id="21" uuid="e26ca279-8f57-44a5-9ed8-8cc16e90e559">
    <name>Biometrics Reference Code</name>
    <description>Code referencing a patient&apos;s record in an external biometrics system</description>
    <creator/>
    <dateCreated id="22">2018-10-08 04:06:01</dateCreated>
    <changedBy/>
    <dateChanged id="23">2019-02-04 15:19:57</dateChanged>
    <retired>false</retired>
    <patientIdentifierTypeId>6</patientIdentifierTypeId>
    <required>false</required>
    <checkDigit>false</checkDigit>
    <locationBehavior>NOT_USED</locationBehavior>
  </org.openmrs.PatientIdentifierType>
  <org.openmrs.PatientIdentifierType id="24" uuid="e797f826-8e8f-11e7-bb31-be2e44b06b34">
    <name>NIF</name>
    <description>Numéro d&apos;Identité Fiscale, The Haiti Tax Identification Number (NIF) is issued by the Direction Générale des Impôts (DGI) since 1987.  Any Haitian natural or legal person gets this 10-digit number.</description>
    <creator/>
    <dateCreated id="25">2018-10-08 04:07:42</dateCreated>
    <changedBy/>
    <dateChanged id="26">2019-02-04 15:47:12</dateChanged>
    <retired>false</retired>
    <patientIdentifierTypeId>7</patientIdentifierTypeId>
    <required>false</required>
    <checkDigit>false</checkDigit>
    <locationBehavior>NOT_USED</locationBehavior>
  </org.openmrs.PatientIdentifierType>
  <org.openmrs.PatientIdentifierType id="27" uuid="e797face-8e8f-11e7-bb31-be2e44b06b34">
    <name>CIN</name>
    <description>Carte d&apos;Identification Nationale, The Haiti national identification card is meant to replace the fiscal identity card.  Created 2005.</description>
    <creator/>
    <dateCreated id="28">2018-10-09 05:53:04</dateCreated>
    <changedBy/>
    <dateChanged id="29">2019-02-04 15:46:19</dateChanged>
    <retired>false</retired>
    <patientIdentifierTypeId>8</patientIdentifierTypeId>
    <required>false</required>
    <checkDigit>false</checkDigit>
    <locationBehavior>NOT_USED</locationBehavior>
  </org.openmrs.PatientIdentifierType>
  <org.openmrs.PatientIdentifierType id="30" uuid="f54ed6b9-f5b9-4fd5-a588-8f7561a78401">
    <name>ECID</name>
    <description>Code referencing a patient&apos;s record in the SEDISH Master Person Index (Enterprise Client ID)</description>
    <creator/>
    <dateCreated id="31">2018-10-09 05:54:01</dateCreated>
    <changedBy/>
    <dateChanged id="32">2019-02-04 15:19:57</dateChanged>
    <retired>false</retired>
    <patientIdentifierTypeId>9</patientIdentifierTypeId>
    <required>false</required>
    <checkDigit>false</checkDigit>
    <locationBehavior>NOT_USED</locationBehavior>
  </org.openmrs.PatientIdentifierType>
</list>
