<?xml version="1.0" encoding="UTF-8"?>
<package id="1" uuid="a6810b44-5b50-4a3a-9e72-eb4a8323e691">
  <dateCreated id="2">2018-12-02 12:53:32</dateCreated>
  <name>roles</name>
  <description>Roles</description>
  <openmrsVersion>2.1.1  Build 725db5</openmrsVersion>
  <version>1</version>
  <groupUuid>450b26cd-663d-4952-a59f-599c30dbfa4e</groupUuid>
  <modules id="3">
    <entry>
      <string>calculation</string>
      <string>1.2</string>
    </entry>
    <entry>
      <string>legacyui</string>
      <string>1.3.3</string>
    </entry>
    <entry>
      <string>metadatasharing</string>
      <string>1.2.2</string>
    </entry>
    <entry>
      <string>bedmanagement</string>
      <string>5.8.1</string>
    </entry>
    <entry>
      <string>providermanagement</string>
      <string>2.5.0</string>
    </entry>
    <entry>
      <string>exti18n</string>
      <string>1.0.0</string>
    </entry>
    <entry>
      <string>bacteriology</string>
      <string>1.1</string>
    </entry>
    <entry>
      <string>htmlwidgets</string>
      <string>1.8.0</string>
    </entry>
    <entry>
      <string>reference-data</string>
      <string>0.91-SNAPSHOT</string>
    </entry>
    <entry>
      <string>operationtheater</string>
      <string>1.2.0</string>
    </entry>
    <entry>
      <string>addresshierarchy</string>
      <string>2.11.0</string>
    </entry>
    <entry>
      <string>reportingrest</string>
      <string>1.10.0</string>
    </entry>
    <entry>
      <string>uiframework</string>
      <string>3.8</string>
    </entry>
    <entry>
      <string>rulesengine</string>
      <string>0.91-SNAPSHOT</string>
    </entry>
    <entry>
      <string>idgen-webservices</string>
      <string>1.2-SNAPSHOT</string>
    </entry>
    <entry>
      <string>event</string>
      <string>2.5</string>
    </entry>
    <entry>
      <string>uicommons</string>
      <string>2.3.0</string>
    </entry>
    <entry>
      <string>reporting</string>
      <string>1.16.0</string>
    </entry>
    <entry>
      <string>emrapi</string>
      <string>1.24.5</string>
    </entry>
    <entry>
      <string>episodes</string>
      <string>1.0-SNAPSHOT</string>
    </entry>
    <entry>
      <string>appointments</string>
      <string>1.1-SNAPSHOT</string>
    </entry>
    <entry>
      <string>idgen</string>
      <string>4.4.1</string>
    </entry>
    <entry>
      <string>auditlog</string>
      <string>1.1-SNAPSHOT</string>
    </entry>
    <entry>
      <string>bahmnicore</string>
      <string>0.91-SNAPSHOT</string>
    </entry>
    <entry>
      <string>uilibrary</string>
      <string>2.0.5</string>
    </entry>
    <entry>
      <string>initializer</string>
      <string>1.0.1</string>
    </entry>
    <entry>
      <string>appframework</string>
      <string>2.10.0</string>
    </entry>
    <entry>
      <string>webservices.rest</string>
      <string>2.20.0.0e371e</string>
    </entry>
    <entry>
      <string>openmrs-atomfeed</string>
      <string>2.5.6</string>
    </entry>
    <entry>
      <string>owa</string>
      <string>1.9.0</string>
    </entry>
    <entry>
      <string>metadatamapping</string>
      <string>1.3.1</string>
    </entry>
    <entry>
      <string>bahmni.ie.apps</string>
      <string>0.91-SNAPSHOT</string>
    </entry>
    <entry>
      <string>serialization.xstream</string>
      <string>0.2.12</string>
    </entry>
  </modules>
  <items class="linked-hash-set" id="4">
    <org.openmrs.module.metadatasharing.Item id="5" uuid="4a899553-f1f6-4c5a-8647-09572d5d9ea8">
      <classname>org.openmrs.Role</classname>
      <retired>false</retired>
    </org.openmrs.module.metadatasharing.Item>
    <org.openmrs.module.metadatasharing.Item id="6" uuid="bfb83797-9ec6-41c9-822d-c37b4386e520">
      <classname>org.openmrs.Role</classname>
      <retired>false</retired>
    </org.openmrs.module.metadatasharing.Item>
    <org.openmrs.module.metadatasharing.Item id="7" uuid="b4037ddd-6383-4248-b262-777a45296cd1">
      <classname>org.openmrs.Role</classname>
      <retired>false</retired>
    </org.openmrs.module.metadatasharing.Item>
    <org.openmrs.module.metadatasharing.Item id="8" uuid="20e3cb77-1b5c-4ec7-9a12-aca4d3d61ad2">
      <classname>org.openmrs.Role</classname>
      <retired>false</retired>
    </org.openmrs.module.metadatasharing.Item>
    <org.openmrs.module.metadatasharing.Item id="9" uuid="188180d4-0ab8-4b35-952c-f67d6ecf7fe9">
      <classname>org.openmrs.Role</classname>
      <retired>false</retired>
    </org.openmrs.module.metadatasharing.Item>
  </items>
  <relatedItems class="linked-hash-set" id="10">
    <org.openmrs.module.metadatasharing.Item id="11" uuid="8001c171-e42f-e1ec-8d3e-08002715d521">
      <classname>org.openmrs.Role</classname>
      <retired>false</retired>
    </org.openmrs.module.metadatasharing.Item>
    <org.openmrs.module.metadatasharing.Item id="12" uuid="697047a4-a662-11e6-91e9-0800270d80ce">
      <classname>org.openmrs.Role</classname>
      <retired>false</retired>
    </org.openmrs.module.metadatasharing.Item>
    <org.openmrs.module.metadatasharing.Item id="13" uuid="d05118c6-2490-4d78-a41a-390e3596a248">
      <classname>org.openmrs.Privilege</classname>
      <retired>false</retired>
    </org.openmrs.module.metadatasharing.Item>
    <org.openmrs.module.metadatasharing.Item id="14" uuid="d05118c6-2490-4d78-a41a-390e3596a224">
      <classname>org.openmrs.Privilege</classname>
      <retired>false</retired>
    </org.openmrs.module.metadatasharing.Item>
    <org.openmrs.module.metadatasharing.Item id="15" uuid="d05118c6-2490-4d78-a41a-390e3596a213">
      <classname>org.openmrs.Privilege</classname>
      <retired>false</retired>
    </org.openmrs.module.metadatasharing.Item>
    <org.openmrs.module.metadatasharing.Item id="16" uuid="d05118c6-2490-4d78-a41a-390e3596a214">
      <classname>org.openmrs.Privilege</classname>
      <retired>false</retired>
    </org.openmrs.module.metadatasharing.Item>
    <org.openmrs.module.metadatasharing.Item id="17" uuid="4eca44bb-3f10-11e4-adec-0800271c1b75">
      <classname>org.openmrs.Privilege</classname>
      <retired>false</retired>
    </org.openmrs.module.metadatasharing.Item>
    <org.openmrs.module.metadatasharing.Item id="18" uuid="6f4ebf25-3f10-11e4-adec-0800271c1b75">
      <classname>org.openmrs.Privilege</classname>
      <retired>false</retired>
    </org.openmrs.module.metadatasharing.Item>
    <org.openmrs.module.metadatasharing.Item id="19" uuid="d05118c6-2490-4d78-a41a-390e3596a244">
      <classname>org.openmrs.Privilege</classname>
      <retired>false</retired>
    </org.openmrs.module.metadatasharing.Item>
    <org.openmrs.module.metadatasharing.Item id="20" uuid="d05118c6-2490-4d78-a41a-390e3596a211">
      <classname>org.openmrs.Privilege</classname>
      <retired>false</retired>
    </org.openmrs.module.metadatasharing.Item>
    <org.openmrs.module.metadatasharing.Item id="21" uuid="d05118c6-2490-4d78-a41a-390e3596a245">
      <classname>org.openmrs.Privilege</classname>
      <retired>false</retired>
    </org.openmrs.module.metadatasharing.Item>
    <org.openmrs.module.metadatasharing.Item id="22" uuid="4eca3615-3f10-11e4-adec-0800271c1b75">
      <classname>org.openmrs.Privilege</classname>
      <retired>false</retired>
    </org.openmrs.module.metadatasharing.Item>
    <org.openmrs.module.metadatasharing.Item id="23" uuid="d05118c6-2490-4d78-a41a-390e3596a210">
      <classname>org.openmrs.Privilege</classname>
      <retired>false</retired>
    </org.openmrs.module.metadatasharing.Item>
    <org.openmrs.module.metadatasharing.Item id="24" uuid="02b6c5e6-99a5-11e5-bbf3-080027b662ec">
      <classname>org.openmrs.Privilege</classname>
      <retired>false</retired>
    </org.openmrs.module.metadatasharing.Item>
    <org.openmrs.module.metadatasharing.Item id="25" uuid="4eca4442-3f10-11e4-adec-0800271c1b75">
      <classname>org.openmrs.Privilege</classname>
      <retired>false</retired>
    </org.openmrs.module.metadatasharing.Item>
    <org.openmrs.module.metadatasharing.Item id="26" uuid="4eca3570-3f10-11e4-adec-0800271c1b75">
      <classname>org.openmrs.Privilege</classname>
      <retired>false</retired>
    </org.openmrs.module.metadatasharing.Item>
    <org.openmrs.module.metadatasharing.Item id="27" uuid="02b3e36b-99a5-11e5-bbf3-080027b662ec">
      <classname>org.openmrs.Privilege</classname>
      <retired>false</retired>
    </org.openmrs.module.metadatasharing.Item>
    <org.openmrs.module.metadatasharing.Item id="28" uuid="6f4d7fbb-3f10-11e4-adec-0800271c1b75">
      <classname>org.openmrs.Privilege</classname>
      <retired>false</retired>
    </org.openmrs.module.metadatasharing.Item>
    <org.openmrs.module.metadatasharing.Item id="29" uuid="696d655c-a662-11e6-91e9-0800270d80ce">
      <classname>org.openmrs.Role</classname>
      <retired>false</retired>
    </org.openmrs.module.metadatasharing.Item>
    <org.openmrs.module.metadatasharing.Item id="30" uuid="d05118c6-2490-4d78-a41a-390e3596a215">
      <classname>org.openmrs.Privilege</classname>
      <retired>false</retired>
    </org.openmrs.module.metadatasharing.Item>
    <org.openmrs.module.metadatasharing.Item id="31" uuid="02b02e78-99a5-11e5-bbf3-080027b662ec">
      <classname>org.openmrs.Privilege</classname>
      <retired>false</retired>
    </org.openmrs.module.metadatasharing.Item>
    <org.openmrs.module.metadatasharing.Item id="32" uuid="d05118c6-2490-4d78-a41a-390e3596a231">
      <classname>org.openmrs.Privilege</classname>
      <retired>false</retired>
    </org.openmrs.module.metadatasharing.Item>
    <org.openmrs.module.metadatasharing.Item id="33" uuid="02b4ae05-99a5-11e5-bbf3-080027b662ec">
      <classname>org.openmrs.Privilege</classname>
      <retired>false</retired>
    </org.openmrs.module.metadatasharing.Item>
    <org.openmrs.module.metadatasharing.Item id="34" uuid="d05118c6-2490-4d78-a41a-390e3596a251">
      <classname>org.openmrs.Privilege</classname>
      <retired>false</retired>
    </org.openmrs.module.metadatasharing.Item>
    <org.openmrs.module.metadatasharing.Item id="35" uuid="820d4a17-3f10-11e4-adec-0800271c1b75">
      <classname>org.openmrs.Privilege</classname>
      <retired>false</retired>
    </org.openmrs.module.metadatasharing.Item>
    <org.openmrs.module.metadatasharing.Item id="36" uuid="69614cba-a662-11e6-91e9-0800270d80ce">
      <classname>org.openmrs.Role</classname>
      <retired>false</retired>
    </org.openmrs.module.metadatasharing.Item>
    <org.openmrs.module.metadatasharing.Item id="37" uuid="d05118c6-2490-4d78-a41a-390e3596a249">
      <classname>org.openmrs.Privilege</classname>
      <retired>false</retired>
    </org.openmrs.module.metadatasharing.Item>
    <org.openmrs.module.metadatasharing.Item id="38" uuid="4eca498a-3f10-11e4-adec-0800271c1b75">
      <classname>org.openmrs.Privilege</classname>
      <retired>false</retired>
    </org.openmrs.module.metadatasharing.Item>
    <org.openmrs.module.metadatasharing.Item id="39" uuid="696e2399-a662-11e6-91e9-0800270d80ce">
      <classname>org.openmrs.Role</classname>
      <retired>false</retired>
    </org.openmrs.module.metadatasharing.Item>
    <org.openmrs.module.metadatasharing.Item id="40" uuid="bb5b08be-3f10-11e4-adec-0800271c1b75">
      <classname>org.openmrs.Privilege</classname>
      <retired>false</retired>
    </org.openmrs.module.metadatasharing.Item>
    <org.openmrs.module.metadatasharing.Item id="41" uuid="4eca4631-3f10-11e4-adec-0800271c1b75">
      <classname>org.openmrs.Privilege</classname>
      <retired>false</retired>
    </org.openmrs.module.metadatasharing.Item>
    <org.openmrs.module.metadatasharing.Item id="42" uuid="4eca39b8-3f10-11e4-adec-0800271c1b75">
      <classname>org.openmrs.Privilege</classname>
      <retired>false</retired>
    </org.openmrs.module.metadatasharing.Item>
    <org.openmrs.module.metadatasharing.Item id="43" uuid="980ac4d1-3f10-11e4-adec-0800271c1b75">
      <classname>org.openmrs.Privilege</classname>
      <retired>false</retired>
    </org.openmrs.module.metadatasharing.Item>
    <org.openmrs.module.metadatasharing.Item id="44" uuid="d4b4d067-5bce-45fb-b05c-e5434d269b16">
      <classname>org.openmrs.Privilege</classname>
      <retired>false</retired>
    </org.openmrs.module.metadatasharing.Item>
    <org.openmrs.module.metadatasharing.Item id="45" uuid="4eca4c6f-3f10-11e4-adec-0800271c1b75">
      <classname>org.openmrs.Privilege</classname>
      <retired>false</retired>
    </org.openmrs.module.metadatasharing.Item>
    <org.openmrs.module.metadatasharing.Item id="46" uuid="def7d698-8be0-417a-b502-6c459109d440">
      <classname>org.openmrs.Privilege</classname>
      <retired>false</retired>
    </org.openmrs.module.metadatasharing.Item>
    <org.openmrs.module.metadatasharing.Item id="47" uuid="4eca47a0-3f10-11e4-adec-0800271c1b75">
      <classname>org.openmrs.Privilege</classname>
      <retired>false</retired>
    </org.openmrs.module.metadatasharing.Item>
    <org.openmrs.module.metadatasharing.Item id="48" uuid="d05118c6-2490-4d78-a41a-390e3596a227">
      <classname>org.openmrs.Privilege</classname>
      <retired>false</retired>
    </org.openmrs.module.metadatasharing.Item>
    <org.openmrs.module.metadatasharing.Item id="49" uuid="4eca37fb-3f10-11e4-adec-0800271c1b75">
      <classname>org.openmrs.Privilege</classname>
      <retired>false</retired>
    </org.openmrs.module.metadatasharing.Item>
    <org.openmrs.module.metadatasharing.Item id="50" uuid="4eca4536-3f10-11e4-adec-0800271c1b75">
      <classname>org.openmrs.Privilege</classname>
      <retired>false</retired>
    </org.openmrs.module.metadatasharing.Item>
    <org.openmrs.module.metadatasharing.Item id="51" uuid="9804a0c9-3f10-11e4-adec-0800271c1b75">
      <classname>org.openmrs.Privilege</classname>
      <retired>false</retired>
    </org.openmrs.module.metadatasharing.Item>
    <org.openmrs.module.metadatasharing.Item id="52" uuid="6f4f805b-3f10-11e4-adec-0800271c1b75">
      <classname>org.openmrs.Privilege</classname>
      <retired>false</retired>
    </org.openmrs.module.metadatasharing.Item>
    <org.openmrs.module.metadatasharing.Item id="53" uuid="4eca36b0-3f10-11e4-adec-0800271c1b75">
      <classname>org.openmrs.Privilege</classname>
      <retired>false</retired>
    </org.openmrs.module.metadatasharing.Item>
    <org.openmrs.module.metadatasharing.Item id="54" uuid="4eca389b-3f10-11e4-adec-0800271c1b75">
      <classname>org.openmrs.Privilege</classname>
      <retired>false</retired>
    </org.openmrs.module.metadatasharing.Item>
    <org.openmrs.module.metadatasharing.Item id="55" uuid="d05118c6-2490-4d78-a41a-390e3596a228">
      <classname>org.openmrs.Privilege</classname>
      <retired>false</retired>
    </org.openmrs.module.metadatasharing.Item>
    <org.openmrs.module.metadatasharing.Item id="56" uuid="4eca46ac-3f10-11e4-adec-0800271c1b75">
      <classname>org.openmrs.Privilege</classname>
      <retired>false</retired>
    </org.openmrs.module.metadatasharing.Item>
    <org.openmrs.module.metadatasharing.Item id="57" uuid="d05118c6-2490-4d78-a41a-390e3596a229">
      <classname>org.openmrs.Privilege</classname>
      <retired>false</retired>
    </org.openmrs.module.metadatasharing.Item>
    <org.openmrs.module.metadatasharing.Item id="58" uuid="69779992-a662-11e6-91e9-0800270d80ce">
      <classname>org.openmrs.Role</classname>
      <retired>false</retired>
    </org.openmrs.module.metadatasharing.Item>
    <org.openmrs.module.metadatasharing.Item id="59" uuid="69776231-a662-11e6-91e9-0800270d80ce">
      <classname>org.openmrs.Role</classname>
      <retired>false</retired>
    </org.openmrs.module.metadatasharing.Item>
    <org.openmrs.module.metadatasharing.Item id="60" uuid="695fb110-a662-11e6-91e9-0800270d80ce">
      <classname>org.openmrs.Privilege</classname>
      <retired>false</retired>
    </org.openmrs.module.metadatasharing.Item>
    <org.openmrs.module.metadatasharing.Item id="61" uuid="6961a4e9-a662-11e6-91e9-0800270d80ce">
      <classname>org.openmrs.Role</classname>
      <retired>false</retired>
    </org.openmrs.module.metadatasharing.Item>
    <org.openmrs.module.metadatasharing.Item id="62" uuid="4eca66f3-3f10-11e4-adec-0800271c1b75">
      <classname>org.openmrs.Privilege</classname>
      <retired>false</retired>
    </org.openmrs.module.metadatasharing.Item>
    <org.openmrs.module.metadatasharing.Item id="63" uuid="d05118c6-2490-4d78-a41a-390e3596a225">
      <classname>org.openmrs.Privilege</classname>
      <retired>false</retired>
    </org.openmrs.module.metadatasharing.Item>
    <org.openmrs.module.metadatasharing.Item id="64" uuid="85075bb1-3f10-11e4-adec-0800271c1b75">
      <classname>org.openmrs.Privilege</classname>
      <retired>false</retired>
    </org.openmrs.module.metadatasharing.Item>
    <org.openmrs.module.metadatasharing.Item id="65" uuid="6966137f-a662-11e6-91e9-0800270d80ce">
      <classname>org.openmrs.Role</classname>
      <retired>false</retired>
    </org.openmrs.module.metadatasharing.Item>
    <org.openmrs.module.metadatasharing.Item id="66" uuid="6f4e4854-3f10-11e4-adec-0800271c1b75">
      <classname>org.openmrs.Privilege</classname>
      <retired>false</retired>
    </org.openmrs.module.metadatasharing.Item>
    <org.openmrs.module.metadatasharing.Item id="67" uuid="d05118c6-2490-4d78-a41a-390e3596a243">
      <classname>org.openmrs.Privilege</classname>
      <retired>false</retired>
    </org.openmrs.module.metadatasharing.Item>
    <org.openmrs.module.metadatasharing.Item id="68" uuid="4eca45b3-3f10-11e4-adec-0800271c1b75">
      <classname>org.openmrs.Privilege</classname>
      <retired>false</retired>
    </org.openmrs.module.metadatasharing.Item>
    <org.openmrs.module.metadatasharing.Item id="69" uuid="696c9555-a662-11e6-91e9-0800270d80ce">
      <classname>org.openmrs.Role</classname>
      <retired>false</retired>
    </org.openmrs.module.metadatasharing.Item>
    <org.openmrs.module.metadatasharing.Item id="70" uuid="695fc13a-a662-11e6-91e9-0800270d80ce">
      <classname>org.openmrs.Privilege</classname>
      <retired>false</retired>
    </org.openmrs.module.metadatasharing.Item>
    <org.openmrs.module.metadatasharing.Item id="71" uuid="69691c63-a662-11e6-91e9-0800270d80ce">
      <classname>org.openmrs.Role</classname>
      <retired>false</retired>
    </org.openmrs.module.metadatasharing.Item>
    <org.openmrs.module.metadatasharing.Item id="72" uuid="6bd13e4b-12b2-11e6-8c00-080027d2adbd">
      <classname>org.openmrs.Privilege</classname>
      <retired>false</retired>
    </org.openmrs.module.metadatasharing.Item>
    <org.openmrs.module.metadatasharing.Item id="73" uuid="c2b5e700-b7fb-11e4-9c67-080027b662ec">
      <classname>org.openmrs.Privilege</classname>
      <retired>false</retired>
    </org.openmrs.module.metadatasharing.Item>
    <org.openmrs.module.metadatasharing.Item id="74" uuid="4d6f2a4d-3872-11e6-b6dd-080027ba5baf">
      <classname>org.openmrs.Privilege</classname>
      <retired>false</retired>
    </org.openmrs.module.metadatasharing.Item>
    <org.openmrs.module.metadatasharing.Item id="75" uuid="6bd04709-12b2-11e6-8c00-080027d2adbd">
      <classname>org.openmrs.Privilege</classname>
      <retired>false</retired>
    </org.openmrs.module.metadatasharing.Item>
    <org.openmrs.module.metadatasharing.Item id="76" uuid="6bcf33aa-12b2-11e6-8c00-080027d2adbd">
      <classname>org.openmrs.Privilege</classname>
      <retired>false</retired>
    </org.openmrs.module.metadatasharing.Item>
    <org.openmrs.module.metadatasharing.Item id="77" uuid="81f78a84-3f10-11e4-adec-0800271c1b75">
      <classname>org.openmrs.Privilege</classname>
      <retired>false</retired>
    </org.openmrs.module.metadatasharing.Item>
    <org.openmrs.module.metadatasharing.Item id="78" uuid="4eca6675-3f10-11e4-adec-0800271c1b75">
      <classname>org.openmrs.Privilege</classname>
      <retired>false</retired>
    </org.openmrs.module.metadatasharing.Item>
    <org.openmrs.module.metadatasharing.Item id="79" uuid="4d6d6a5b-3872-11e6-b6dd-080027ba5baf">
      <classname>org.openmrs.Privilege</classname>
      <retired>false</retired>
    </org.openmrs.module.metadatasharing.Item>
    <org.openmrs.module.metadatasharing.Item id="80" uuid="69772e75-a662-11e6-91e9-0800270d80ce">
      <classname>org.openmrs.Role</classname>
      <retired>false</retired>
    </org.openmrs.module.metadatasharing.Item>
    <org.openmrs.module.metadatasharing.Item id="81" uuid="88a21a25-facd-11e4-b248-005056820298">
      <classname>org.openmrs.Privilege</classname>
      <retired>false</retired>
    </org.openmrs.module.metadatasharing.Item>
    <org.openmrs.module.metadatasharing.Item id="82" uuid="6973a984-a662-11e6-91e9-0800270d80ce">
      <classname>org.openmrs.Role</classname>
      <retired>false</retired>
    </org.openmrs.module.metadatasharing.Item>
    <org.openmrs.module.metadatasharing.Item id="83" uuid="695f6c45-a662-11e6-91e9-0800270d80ce">
      <classname>org.openmrs.Privilege</classname>
      <retired>false</retired>
    </org.openmrs.module.metadatasharing.Item>
    <org.openmrs.module.metadatasharing.Item id="84" uuid="c1a02e80-3f10-11e4-adec-0800271c1b75">
      <classname>org.openmrs.Privilege</classname>
      <retired>false</retired>
    </org.openmrs.module.metadatasharing.Item>
    <org.openmrs.module.metadatasharing.Item id="85" uuid="695f7fe4-a662-11e6-91e9-0800270d80ce">
      <classname>org.openmrs.Privilege</classname>
      <retired>false</retired>
    </org.openmrs.module.metadatasharing.Item>
    <org.openmrs.module.metadatasharing.Item id="86" uuid="a3a799f4-c70d-11e7-aa2b-8e7070d6a3d1">
      <classname>org.openmrs.Privilege</classname>
      <retired>false</retired>
    </org.openmrs.module.metadatasharing.Item>
    <org.openmrs.module.metadatasharing.Item id="87" uuid="d05118c6-2490-4d78-a41a-390e3596a240">
      <classname>org.openmrs.Privilege</classname>
      <retired>false</retired>
    </org.openmrs.module.metadatasharing.Item>
    <org.openmrs.module.metadatasharing.Item id="88" uuid="c1a0029f-3f10-11e4-adec-0800271c1b75">
      <classname>org.openmrs.Privilege</classname>
      <retired>false</retired>
    </org.openmrs.module.metadatasharing.Item>
    <org.openmrs.module.metadatasharing.Item id="89" uuid="c1a07d47-3f10-11e4-adec-0800271c1b75">
      <classname>org.openmrs.Privilege</classname>
      <retired>false</retired>
    </org.openmrs.module.metadatasharing.Item>
    <org.openmrs.module.metadatasharing.Item id="90" uuid="c19fe914-3f10-11e4-adec-0800271c1b75">
      <classname>org.openmrs.Privilege</classname>
      <retired>false</retired>
    </org.openmrs.module.metadatasharing.Item>
    <org.openmrs.module.metadatasharing.Item id="91" uuid="695f8ffc-a662-11e6-91e9-0800270d80ce">
      <classname>org.openmrs.Privilege</classname>
      <retired>false</retired>
    </org.openmrs.module.metadatasharing.Item>
    <org.openmrs.module.metadatasharing.Item id="92" uuid="c1a0551f-3f10-11e4-adec-0800271c1b75">
      <classname>org.openmrs.Privilege</classname>
      <retired>false</retired>
    </org.openmrs.module.metadatasharing.Item>
    <org.openmrs.module.metadatasharing.Item id="93" uuid="69714cb9-a662-11e6-91e9-0800270d80ce">
      <classname>org.openmrs.Role</classname>
      <retired>false</retired>
    </org.openmrs.module.metadatasharing.Item>
    <org.openmrs.module.metadatasharing.Item id="94" uuid="4eca6480-3f10-11e4-adec-0800271c1b75">
      <classname>org.openmrs.Privilege</classname>
      <retired>false</retired>
    </org.openmrs.module.metadatasharing.Item>
    <org.openmrs.module.metadatasharing.Item id="95" uuid="d05118c6-2490-4d78-a41a-390e3596a236">
      <classname>org.openmrs.Privilege</classname>
      <retired>false</retired>
    </org.openmrs.module.metadatasharing.Item>
    <org.openmrs.module.metadatasharing.Item id="96" uuid="d05118c6-2490-4d78-a41a-390e3596a233">
      <classname>org.openmrs.Privilege</classname>
      <retired>false</retired>
    </org.openmrs.module.metadatasharing.Item>
    <org.openmrs.module.metadatasharing.Item id="97" uuid="4eca5f2d-3f10-11e4-adec-0800271c1b75">
      <classname>org.openmrs.Privilege</classname>
      <retired>false</retired>
    </org.openmrs.module.metadatasharing.Item>
    <org.openmrs.module.metadatasharing.Item id="98" uuid="d05118c6-2490-4d78-a41a-390e3596a241">
      <classname>org.openmrs.Privilege</classname>
      <retired>false</retired>
    </org.openmrs.module.metadatasharing.Item>
    <org.openmrs.module.metadatasharing.Item id="99" uuid="6f5fde61-3f10-11e4-adec-0800271c1b75">
      <classname>org.openmrs.Privilege</classname>
      <retired>false</retired>
    </org.openmrs.module.metadatasharing.Item>
    <org.openmrs.module.metadatasharing.Item id="100" uuid="4eca60a1-3f10-11e4-adec-0800271c1b75">
      <classname>org.openmrs.Privilege</classname>
      <retired>false</retired>
    </org.openmrs.module.metadatasharing.Item>
    <org.openmrs.module.metadatasharing.Item id="101" uuid="4eca6405-3f10-11e4-adec-0800271c1b75">
      <classname>org.openmrs.Privilege</classname>
      <retired>false</retired>
    </org.openmrs.module.metadatasharing.Item>
    <org.openmrs.module.metadatasharing.Item id="102" uuid="4eca64fa-3f10-11e4-adec-0800271c1b75">
      <classname>org.openmrs.Privilege</classname>
      <retired>false</retired>
    </org.openmrs.module.metadatasharing.Item>
    <org.openmrs.module.metadatasharing.Item id="103" uuid="6f5fbaeb-3f10-11e4-adec-0800271c1b75">
      <classname>org.openmrs.Privilege</classname>
      <retired>false</retired>
    </org.openmrs.module.metadatasharing.Item>
    <org.openmrs.module.metadatasharing.Item id="104" uuid="4eca6cc8-3f10-11e4-adec-0800271c1b75">
      <classname>org.openmrs.Privilege</classname>
      <retired>false</retired>
    </org.openmrs.module.metadatasharing.Item>
    <org.openmrs.module.metadatasharing.Item id="105" uuid="6f5f2a87-3f10-11e4-adec-0800271c1b75">
      <classname>org.openmrs.Privilege</classname>
      <retired>false</retired>
    </org.openmrs.module.metadatasharing.Item>
    <org.openmrs.module.metadatasharing.Item id="106" uuid="69752af3-a662-11e6-91e9-0800270d80ce">
      <classname>org.openmrs.Role</classname>
      <retired>false</retired>
    </org.openmrs.module.metadatasharing.Item>
    <org.openmrs.module.metadatasharing.Item id="107" uuid="69745da0-a662-11e6-91e9-0800270d80ce">
      <classname>org.openmrs.Role</classname>
      <retired>false</retired>
    </org.openmrs.module.metadatasharing.Item>
    <org.openmrs.module.metadatasharing.Item id="108" uuid="a3a6c697-c70d-11e7-aa2b-8e7070d6a3d1">
      <classname>org.openmrs.Privilege</classname>
      <retired>false</retired>
    </org.openmrs.module.metadatasharing.Item>
    <org.openmrs.module.metadatasharing.Item id="109" uuid="6975792d-a662-11e6-91e9-0800270d80ce">
      <classname>org.openmrs.Role</classname>
      <retired>false</retired>
    </org.openmrs.module.metadatasharing.Item>
    <org.openmrs.module.metadatasharing.Item id="110" uuid="6975d9d1-a662-11e6-91e9-0800270d80ce">
      <classname>org.openmrs.Role</classname>
      <retired>false</retired>
    </org.openmrs.module.metadatasharing.Item>
    <org.openmrs.module.metadatasharing.Item id="111" uuid="69769bec-a662-11e6-91e9-0800270d80ce">
      <classname>org.openmrs.Role</classname>
      <retired>false</retired>
    </org.openmrs.module.metadatasharing.Item>
    <org.openmrs.module.metadatasharing.Item id="112" uuid="69764e5f-a662-11e6-91e9-0800270d80ce">
      <classname>org.openmrs.Role</classname>
      <retired>false</retired>
    </org.openmrs.module.metadatasharing.Item>
    <org.openmrs.module.metadatasharing.Item id="113" uuid="6976e4dd-a662-11e6-91e9-0800270d80ce">
      <classname>org.openmrs.Role</classname>
      <retired>false</retired>
    </org.openmrs.module.metadatasharing.Item>
    <org.openmrs.module.metadatasharing.Item id="114" uuid="696bc88b-a662-11e6-91e9-0800270d80ce">
      <classname>org.openmrs.Role</classname>
      <retired>false</retired>
    </org.openmrs.module.metadatasharing.Item>
    <org.openmrs.module.metadatasharing.Item id="115" uuid="69613641-a662-11e6-91e9-0800270d80ce">
      <classname>org.openmrs.Privilege</classname>
      <retired>false</retired>
    </org.openmrs.module.metadatasharing.Item>
    <org.openmrs.module.metadatasharing.Item id="116" uuid="696ac7b8-a662-11e6-91e9-0800270d80ce">
      <classname>org.openmrs.Role</classname>
      <retired>false</retired>
    </org.openmrs.module.metadatasharing.Item>
    <org.openmrs.module.metadatasharing.Item id="117" uuid="5c7682a8-f478-11e4-b248-005056820298">
      <classname>org.openmrs.Privilege</classname>
      <retired>false</retired>
    </org.openmrs.module.metadatasharing.Item>
    <org.openmrs.module.metadatasharing.Item id="118" uuid="696a7030-a662-11e6-91e9-0800270d80ce">
      <classname>org.openmrs.Role</classname>
      <retired>false</retired>
    </org.openmrs.module.metadatasharing.Item>
    <org.openmrs.module.metadatasharing.Item id="119" uuid="064a48bf-99a5-11e5-bbf3-080027b662ec">
      <classname>org.openmrs.Privilege</classname>
      <retired>false</retired>
    </org.openmrs.module.metadatasharing.Item>
    <org.openmrs.module.metadatasharing.Item id="120" uuid="4eca6386-3f10-11e4-adec-0800271c1b75">
      <classname>org.openmrs.Privilege</classname>
      <retired>false</retired>
    </org.openmrs.module.metadatasharing.Item>
    <org.openmrs.module.metadatasharing.Item id="121" uuid="4eca3c52-3f10-11e4-adec-0800271c1b75">
      <classname>org.openmrs.Privilege</classname>
      <retired>false</retired>
    </org.openmrs.module.metadatasharing.Item>
    <org.openmrs.module.metadatasharing.Item id="122" uuid="4eca5b2e-3f10-11e4-adec-0800271c1b75">
      <classname>org.openmrs.Privilege</classname>
      <retired>false</retired>
    </org.openmrs.module.metadatasharing.Item>
    <org.openmrs.module.metadatasharing.Item id="123" uuid="4eca42cc-3f10-11e4-adec-0800271c1b75">
      <classname>org.openmrs.Privilege</classname>
      <retired>false</retired>
    </org.openmrs.module.metadatasharing.Item>
  </relatedItems>
</package>
